user_id,place_id,datetime,timezone,lat,lon,cluster
203821,4e46e095183849317e7cfb58,Tue Apr 03 19:51:02 +0000 2012,480,1.306273,103.826466,4
203821,4eca6e83be7ba4fc71d9c8a6,Tue Apr 03 20:00:36 +0000 2012,480,1.306302,103.828054,4
129438,4b0cc7baf964a520cc4123e3,Wed Apr 04 03:41:37 +0000 2012,480,1.301392,103.905467,6
98734,4ebd69b949012e72feb37cdb,Wed Apr 04 04:33:15 +0000 2012,480,1.272235,103.802351,7
98734,4efbff319911cd89d088d2c2,Wed Apr 04 04:33:58 +0000 2012,480,1.273123,103.802096,7
98734,4b979c8cf964a520830b35e3,Wed Apr 04 04:35:01 +0000 2012,480,1.28008,103.802605,7
135576,4bd348af9854d13aa963fd4d,Wed Apr 04 23:41:32 +0000 2012,480,1.296276,103.802691,9
135576,4bbac615cf2fc9b639f4a102,Fri Apr 06 13:34:10 +0000 2012,480,1.2822,103.817192,9
203821,4f5cc2d6e4b082b23e46a194,Fri Apr 06 16:07:55 +0000 2012,480,1.296162,103.853286,4
203821,4f4bb74de4b0c132f449a4b0,Sat Apr 07 16:55:47 +0000 2012,480,1.300045,103.850019,4
98734,4e6c46e0b993061ea8bbd67e,Sun Apr 08 04:10:27 +0000 2012,480,1.301332,103.850183,7
135576,4bd311cd046076b027107571,Sun Apr 08 04:34:18 +0000 2012,480,1.28629,103.827341,9
135576,4bbac615cf2fc9b639f4a102,Sun Apr 08 05:01:11 +0000 2012,480,1.2822,103.817192,9
135576,4b9b5ce8f964a520a90236e3,Mon Apr 09 22:35:10 +0000 2012,480,1.292599,103.812867,9
98734,4c2d3cdb4e132d7fff299cdf,Tue Apr 10 01:06:26 +0000 2012,480,1.308801,103.849232,7
201784,4bd311cd046076b027107571,Tue Apr 10 04:39:03 +0000 2012,480,1.28629,103.827341,0
201784,4b058814f964a52060b022e3,Tue Apr 10 04:54:35 +0000 2012,480,1.342174,103.952879,0
98734,4e58edfc8877c8a76ddda7f2,Tue Apr 10 05:06:05 +0000 2012,480,1.305956,103.850495,7
201784,4b08e700f964a520421323e3,Tue Apr 10 06:08:44 +0000 2012,480,1.304783,103.831938,0
98734,4c2d3cdb4e132d7fff299cdf,Tue Apr 10 06:37:13 +0000 2012,480,1.308801,103.849232,7
135576,4d425c848b88b1f7cfaaea33,Tue Apr 10 22:57:39 +0000 2012,480,1.293597,103.812771,9
98734,4c2d3cdb4e132d7fff299cdf,Wed Apr 11 02:45:45 +0000 2012,480,1.308801,103.849232,7
58421,4cdc980e958f236aa2adb303,Wed Apr 11 06:39:28 +0000 2012,480,1.383692,103.915966,5
58421,4b1dbce4f964a5209f1424e3,Wed Apr 11 07:20:55 +0000 2012,480,1.372115,103.893683,5
201784,4bd311cd046076b027107571,Wed Apr 11 08:18:45 +0000 2012,480,1.28629,103.827341,0
58421,4bd05f8277b29c7492928a82,Wed Apr 11 08:28:31 +0000 2012,480,1.371816,103.894006,5
58421,4b127444f964a520fd8923e3,Wed Apr 11 08:44:36 +0000 2012,480,1.370918,103.892459,5
203821,4f4bb74de4b0c132f449a4b0,Wed Apr 11 15:01:12 +0000 2012,480,1.300045,103.850019,4
203821,4cf4faa57bf3b60c8ee7727f,Wed Apr 11 17:49:14 +0000 2012,480,1.301081,103.841228,4
201784,4c775cda93faa093a2c5f0fb,Thu Apr 12 07:17:01 +0000 2012,480,1.301253,103.837023,0
98734,4cb3a7b5dd619c74ece0e590,Fri Apr 13 05:52:13 +0000 2012,480,1.273665,103.801575,7
201784,4bd311cd046076b027107571,Fri Apr 13 10:40:17 +0000 2012,480,1.28629,103.827341,0
58421,4bb9c1a6935e9521d3512790,Fri Apr 13 13:56:28 +0000 2012,480,1.299129,103.855391,5
203821,4b058815f964a520afb022e3,Fri Apr 13 15:46:21 +0000 2012,480,1.300304,103.844887,4
203821,4f4bb74de4b0c132f449a4b0,Fri Apr 13 18:31:49 +0000 2012,480,1.300045,103.850019,4
98734,4bd64e78cfa7b713227d27da,Sat Apr 14 01:56:26 +0000 2012,480,1.325626,103.827188,7
201784,4b1a2166f964a520b3e723e3,Sat Apr 14 11:22:33 +0000 2012,480,1.311078,103.794923,0
201784,4e0de29814956c6284f454c6,Sat Apr 14 11:48:06 +0000 2012,480,1.311546,103.794714,0
135576,4b6aaa76f964a5206cdb2be3,Sat Apr 14 12:06:10 +0000 2012,480,1.304776,103.831705,9
203821,4bd1e8a4462cb7135d28db07,Sat Apr 14 13:54:09 +0000 2012,480,1.287011,103.849062,4
201784,4b62ecb7f964a5201f592ae3,Sat Apr 14 14:08:02 +0000 2012,480,1.311218,103.795513,0
203821,4f4bb74de4b0c132f449a4b0,Sat Apr 14 17:09:08 +0000 2012,480,1.300045,103.850019,4
203821,4f4bb74de4b0c132f449a4b0,Sat Apr 14 17:09:21 +0000 2012,480,1.300045,103.850019,4
203821,4be2d629b02ec9b63cc94dc0,Sat Apr 14 20:57:54 +0000 2012,480,1.314423,103.878296,4
58421,4b4db849f964a52046d626e3,Sun Apr 15 12:31:41 +0000 2012,480,1.359388,103.885217,5
58421,4e07231a483b98d4170e8157,Sun Apr 15 12:38:09 +0000 2012,480,1.35949,103.885289,5
203821,4f4bb74de4b0c132f449a4b0,Sun Apr 15 15:55:46 +0000 2012,480,1.300045,103.850019,4
201784,4b602ff7f964a52015d929e3,Mon Apr 16 09:57:39 +0000 2012,480,1.319509,103.843457,0
58421,4bd05f8277b29c7492928a82,Mon Apr 16 12:30:52 +0000 2012,480,1.371816,103.894006,5
203821,4f4bb74de4b0c132f449a4b0,Mon Apr 16 15:59:09 +0000 2012,480,1.300045,103.850019,4
203821,4bec2a8561aca593cae38500,Mon Apr 16 19:04:16 +0000 2012,480,1.305114,103.927402,4
201784,4b08e700f964a520421323e3,Tue Apr 17 09:00:00 +0000 2012,480,1.304783,103.831938,0
201784,4b05880af964a520acad22e3,Tue Apr 17 10:07:56 +0000 2012,480,1.29812,103.855013,0
201784,4bbd6c8ea8cf76b0e4d8b1fd,Tue Apr 17 12:05:56 +0000 2012,480,1.292286,103.84077,0
135576,4b9b5ce8f964a520a90236e3,Wed Apr 18 01:46:30 +0000 2012,480,1.292599,103.812867,9
135576,4b9b5ce8f964a520a90236e3,Thu Apr 19 00:13:35 +0000 2012,480,1.292599,103.812867,9
135576,4f8f89cde4b04e174400ba1d,Thu Apr 19 03:44:42 +0000 2012,480,1.295145,103.805616,9
129438,4d4d3c5ad6f3224b0aa199a6,Thu Apr 19 04:53:59 +0000 2012,480,1.30205,103.904767,6
135576,4b62e805f964a5203d582ae3,Thu Apr 19 08:58:02 +0000 2012,480,1.286333,103.826865,9
135576,4b1e7356f964a5201f1a24e3,Thu Apr 19 10:45:43 +0000 2012,480,1.312151,103.83949,9
98734,4b18ee1ef964a52097d623e3,Fri Apr 20 00:27:57 +0000 2012,480,1.316505,103.882942,7
98734,4d3d10c98edf37046179b6a5,Fri Apr 20 00:56:25 +0000 2012,480,1.316715,103.878897,7
98734,4cc8d3255c17b60c7ac60505,Fri Apr 20 00:56:49 +0000 2012,480,1.316726,103.878902,7
135576,4d996622942ba093e1f29a8c,Fri Apr 20 03:55:51 +0000 2012,480,1.33829,103.932981,9
201784,4bd311cd046076b027107571,Fri Apr 20 04:44:22 +0000 2012,480,1.28629,103.827341,0
203821,4b5da988f964a520ae6529e3,Fri Apr 20 11:05:58 +0000 2012,480,1.350678,103.87275,4
203821,4b0d53daf964a520664623e3,Fri Apr 20 17:05:22 +0000 2012,480,1.290859,103.846008,4
98734,4c6b9ad51fb2a1431ebcf9e6,Sat Apr 21 02:43:40 +0000 2012,480,1.354033,103.945117,7
98734,4bc3c8d2abf495215b53c493,Sat Apr 21 02:44:26 +0000 2012,480,1.354067,103.945214,7
98734,4b9df38cf964a520ffc336e3,Sat Apr 21 08:14:13 +0000 2012,480,1.286043,103.859704,7
135576,4c8c884655fba09339a760ab,Sat Apr 21 10:51:48 +0000 2012,480,1.283062,103.843718,9
203821,4f4bb74de4b0c132f449a4b0,Sat Apr 21 18:52:21 +0000 2012,480,1.300045,103.850019,4
203821,4f4bb74de4b0c132f449a4b0,Sat Apr 21 18:52:33 +0000 2012,480,1.300045,103.850019,4
58421,4d8b434c99c2a1cdc83fa1d7,Sun Apr 22 04:19:31 +0000 2012,480,1.312307,103.859961,5
58421,4b764f18f964a520b2472ee3,Sun Apr 22 05:16:23 +0000 2012,480,1.287583,103.803474,5
58421,4be67f6b477d9c7442c3e62d,Sun Apr 22 07:50:43 +0000 2012,480,1.305135,103.781502,5
58421,4b058816f964a520f0b022e3,Sun Apr 22 08:37:18 +0000 2012,480,1.352775,103.944939,5
58421,4b2de4e9f964a520eedb24e3,Sun Apr 22 08:44:38 +0000 2012,480,1.352669,103.944064,5
98734,4d74f813170ab1f72170fb94,Sun Apr 22 09:09:12 +0000 2012,480,1.384873,103.943586,7
58421,4b593129f964a520c98028e3,Sun Apr 22 09:26:58 +0000 2012,480,1.35262,103.945373,5
98734,4b11258cf964a520667823e3,Sun Apr 22 09:54:44 +0000 2012,480,1.372559,103.93208,7
201784,4b5da988f964a520ae6529e3,Sun Apr 22 10:16:04 +0000 2012,480,1.350678,103.87275,0
201784,4cfccc8d20fe370440b35bf8,Sun Apr 22 10:27:26 +0000 2012,480,1.349907,103.873194,0
135576,4b058815f964a520afb022e3,Sun Apr 22 11:13:21 +0000 2012,480,1.300304,103.844887,9
135576,4b84c044f964a520274331e3,Sun Apr 22 11:19:44 +0000 2012,480,1.300283,103.844929,9
203821,4f4bb74de4b0c132f449a4b0,Sun Apr 22 15:29:31 +0000 2012,480,1.300045,103.850019,4
135576,4b9b5ce8f964a520a90236e3,Mon Apr 23 02:16:01 +0000 2012,480,1.292599,103.812867,9
98734,4b058814f964a5206bb022e3,Mon Apr 23 05:15:35 +0000 2012,480,1.266506,103.819299,7
203821,4c775cda93faa093a2c5f0fb,Mon Apr 23 07:11:01 +0000 2012,480,1.301253,103.837023,4
201784,4b602ff7f964a52015d929e3,Mon Apr 23 10:12:27 +0000 2012,480,1.319509,103.843457,0
203821,4f4bb74de4b0c132f449a4b0,Mon Apr 23 16:04:50 +0000 2012,480,1.300045,103.850019,4
203821,4f4bb74de4b0c132f449a4b0,Mon Apr 23 16:05:02 +0000 2012,480,1.300045,103.850019,4
135576,4b9b5ce8f964a520a90236e3,Mon Apr 23 23:12:12 +0000 2012,480,1.292599,103.812867,9
213352,4f8fcca5e4b04cce89e45210,Tue Apr 24 01:16:37 +0000 2012,480,1.343729,103.932512,1
98734,4d3d10c98edf37046179b6a5,Tue Apr 24 05:26:00 +0000 2012,480,1.316715,103.878897,7
98734,4cc8d3255c17b60c7ac60505,Tue Apr 24 05:26:23 +0000 2012,480,1.316726,103.878902,7
203821,4c775cda93faa093a2c5f0fb,Wed Apr 25 13:06:00 +0000 2012,480,1.301253,103.837023,4
98734,4bb6aa2e2ea195212b17ac2f,Thu Apr 26 01:03:39 +0000 2012,480,1.332587,103.849021,7
135576,4f8f89cde4b04e174400ba1d,Thu Apr 26 04:32:44 +0000 2012,480,1.295145,103.805616,9
58421,4b5da988f964a520ae6529e3,Thu Apr 26 11:52:45 +0000 2012,480,1.350678,103.87275,5
203821,4c775cda93faa093a2c5f0fb,Thu Apr 26 12:26:37 +0000 2012,480,1.301253,103.837023,4
58421,4d9589bf9079b1f7eb8ee309,Thu Apr 26 12:55:09 +0000 2012,480,1.350142,103.872621,5
58421,4d0070937c5637040769b0f0,Thu Apr 26 13:20:42 +0000 2012,480,1.350635,103.872342,5
129438,4b077a2cf964a520fdfd22e3,Fri Apr 27 13:00:37 +0000 2012,480,1.372495,103.893714,6
203821,4f4bb74de4b0c132f449a4b0,Fri Apr 27 16:18:33 +0000 2012,480,1.300045,103.850019,4
213352,4d86a02ff9f3a1cd4a24e464,Sat Apr 28 03:31:36 +0000 2012,480,1.371106,103.894071,1
98734,4bf5d9144d5f20a1675898fe,Sat Apr 28 04:19:44 +0000 2012,480,1.347392,103.929987,7
98734,4d22bbacf7a9a143721f429f,Sat Apr 28 04:20:49 +0000 2012,480,1.346957,103.929915,7
135576,4b1e7356f964a5201f1a24e3,Sat Apr 28 11:18:44 +0000 2012,480,1.312151,103.83949,9
203821,4c775cda93faa093a2c5f0fb,Sat Apr 28 12:55:45 +0000 2012,480,1.301253,103.837023,4
203821,4f4bb74de4b0c132f449a4b0,Sat Apr 28 18:07:13 +0000 2012,480,1.300045,103.850019,4
203821,4f4bb74de4b0c132f449a4b0,Sat Apr 28 18:07:48 +0000 2012,480,1.300045,103.850019,4
203821,4be2d629b02ec9b63cc94dc0,Sat Apr 28 22:57:50 +0000 2012,480,1.314423,103.878296,4
135576,4bbac615cf2fc9b639f4a102,Sun Apr 29 03:44:05 +0000 2012,480,1.2822,103.817192,9
135576,4b6e3258f964a520ffb02ce3,Sun Apr 29 04:13:27 +0000 2012,480,1.284188,103.81549,9
98734,4e925263e5fa72f70fba5010,Sun Apr 29 05:21:48 +0000 2012,480,1.33452,103.9624,7
213352,4bd6b4925631c9b60239a630,Sun Apr 29 08:24:52 +0000 2012,480,1.283756,103.858761,1
58421,4c5c09827735c9b6d6148b72,Sun Apr 29 10:10:58 +0000 2012,480,1.367357,103.890716,5
135576,4b9b5ce8f964a520a90236e3,Tue May 01 23:17:36 +0000 2012,480,1.292599,103.812867,9
98734,4b63ad8af964a520928b2ae3,Wed May 02 00:32:14 +0000 2012,480,1.266416,103.819619,7
135576,4b058814f964a5207eb022e3,Wed May 02 06:00:09 +0000 2012,480,1.286419,103.827056,9
203821,4f4bb74de4b0c132f449a4b0,Thu May 03 16:12:34 +0000 2012,480,1.300045,103.850019,4
203821,4f4bb74de4b0c132f449a4b0,Thu May 03 16:18:30 +0000 2012,480,1.300045,103.850019,4
98734,4b058814f964a5206bb022e3,Fri May 04 00:35:34 +0000 2012,480,1.266506,103.819299,7
98734,4b63ad8af964a520928b2ae3,Fri May 04 00:35:58 +0000 2012,480,1.266416,103.819619,7
203821,4c8b6f5f9ef0224b5305647b,Fri May 04 11:35:38 +0000 2012,480,1.299731,103.849549,4
213352,4b2de4e9f964a520eedb24e3,Fri May 04 14:11:47 +0000 2012,480,1.352669,103.944064,1
203821,4f4bb74de4b0c132f449a4b0,Fri May 04 14:19:35 +0000 2012,480,1.300045,103.850019,4
203821,4f4bb74de4b0c132f449a4b0,Fri May 04 14:19:53 +0000 2012,480,1.300045,103.850019,4
98734,4d28101455a8b60c4406cac0,Sat May 05 12:07:25 +0000 2012,480,1.332294,103.848038,7
98734,4d28101455a8b60c4406cac0,Sat May 05 12:08:08 +0000 2012,480,1.332294,103.848038,7
213352,4b4040f6f964a5202db725e3,Sat May 05 13:19:04 +0000 2012,480,1.298872,103.855627,1
213352,4f460bd6e4b0ab39f52080c5,Sat May 05 16:57:05 +0000 2012,480,1.258216,103.816953,1
203821,4e46e095183849317e7cfb58,Sun May 06 19:42:40 +0000 2012,480,1.306273,103.826466,4
98734,4b68d2b3f964a520c28e2be3,Mon May 07 00:17:16 +0000 2012,480,1.281345,103.839126,7
135576,4bbac615cf2fc9b639f4a102,Mon May 07 13:22:42 +0000 2012,480,1.2822,103.817192,9
203821,4cd437b3536654818a872bed,Mon May 07 15:42:20 +0000 2012,480,1.301199,103.851131,4
98734,4f027e95490182a1aa202d93,Wed May 09 04:59:50 +0000 2012,480,1.277759,103.800042,7
135576,4f2648c2e4b0085e4bcd93d6,Wed May 09 08:13:04 +0000 2012,480,1.300009,103.849702,9
203821,4c775cda93faa093a2c5f0fb,Wed May 09 09:04:52 +0000 2012,480,1.301253,103.837023,4
135576,4b9b5ce8f964a520a90236e3,Thu May 10 23:12:57 +0000 2012,480,1.292599,103.812867,9
135576,4b2a027af964a520aca424e3,Fri May 11 00:43:15 +0000 2012,480,1.28739,103.818242,9
98734,4b63ad8af964a520928b2ae3,Fri May 11 00:45:03 +0000 2012,480,1.266416,103.819619,7
135576,4bd311cd046076b027107571,Fri May 11 01:17:23 +0000 2012,480,1.28629,103.827341,9
98734,4f027e95490182a1aa202d93,Fri May 11 04:59:39 +0000 2012,480,1.277759,103.800042,7
135576,4b84c044f964a520274331e3,Fri May 11 07:53:30 +0000 2012,480,1.300283,103.844929,9
213352,4b077a2cf964a520fdfd22e3,Fri May 11 08:38:35 +0000 2012,480,1.372495,103.893714,1
213352,4c0a6e91009a0f474c53e9bf,Fri May 11 11:40:29 +0000 2012,480,1.368157,103.895677,1
213352,4c3167973896e21eab0ee790,Fri May 11 14:26:36 +0000 2012,480,1.302635,103.876484,1
98734,4b0bd124f964a520e03323e3,Fri May 11 15:08:04 +0000 2012,480,1.356685,103.988471,7
203821,4e46e095183849317e7cfb58,Fri May 11 19:40:23 +0000 2012,480,1.306273,103.826466,4
203821,4b59c37ef964a520c59628e3,Fri May 11 21:22:28 +0000 2012,480,1.288639,103.842773,4
58421,4b1baa07f964a52084fc23e3,Sat May 12 05:10:39 +0000 2012,480,1.35617,103.987033,5
58421,4b651053f964a5203ee22ae3,Sat May 12 06:28:07 +0000 2012,480,1.355505,103.986969,5
58421,4b5f8aaff964a52078c029e3,Sat May 12 07:15:28 +0000 2012,480,1.354582,103.988085,5
58421,4b0bd124f964a520e03323e3,Sat May 12 07:40:44 +0000 2012,480,1.356685,103.988471,5
58421,4b0bd124f964a520e03323e3,Sat May 12 07:43:37 +0000 2012,480,1.356685,103.988471,5
213352,4b8fdab8f964a520a46533e3,Sat May 12 13:03:48 +0000 2012,480,1.384915,103.944869,1
203821,4eba9c6e93ade58beea7a03f,Sat May 12 15:25:33 +0000 2012,480,1.300666,103.858438,4
135576,4b1e7356f964a5201f1a24e3,Sun May 13 10:39:37 +0000 2012,480,1.312151,103.83949,9
213352,4d341e3898336dcb9a5934f0,Sun May 13 11:07:15 +0000 2012,480,1.370721,103.894975,1
203821,4c775cda93faa093a2c5f0fb,Sun May 13 15:04:05 +0000 2012,480,1.301253,103.837023,4
213352,4f9de327e4b0027bd5f5055f,Mon May 14 05:25:29 +0000 2012,480,1.343562,103.933005,1
58421,4d228f1ef7a9a1439b9e409f,Tue May 15 06:16:53 +0000 2012,480,1.349851,103.873285,5
213352,4b189466f964a52049d423e3,Tue May 15 11:41:09 +0000 2012,480,1.301339,103.8386,1
213352,4bcbbc96b6c49c7423da9291,Wed May 16 01:25:23 +0000 2012,480,1.344943,103.932863,1
98151,4b5d9b49f964a5203e6329e3,Thu May 17 06:28:47 +0000 2012,480,1.305715,103.832366,8
58421,4b4db849f964a52046d626e3,Fri May 18 12:18:08 +0000 2012,480,1.359388,103.885217,5
58421,4e07231a483b98d4170e8157,Fri May 18 12:25:08 +0000 2012,480,1.35949,103.885289,5
203821,4b937f4bf964a520064634e3,Fri May 18 12:58:35 +0000 2012,480,1.301627,103.839127,4
203821,4cf4faa57bf3b60c8ee7727f,Fri May 18 14:24:19 +0000 2012,480,1.301081,103.841228,4
203821,4c775cda93faa093a2c5f0fb,Sat May 19 11:01:05 +0000 2012,480,1.301253,103.837023,4
135576,4b8a6ae3f964a520ff6b32e3,Sat May 19 12:04:43 +0000 2012,480,1.289534,103.827765,9
58421,4cb6db7b589f236a324e3a3d,Sat May 19 13:22:16 +0000 2012,480,1.375905,103.955598,5
58421,4b3993f4f964a520e25d25e3,Sat May 19 13:25:07 +0000 2012,480,1.376206,103.955598,5
58421,4ca82f4444a8224b246e1540,Sat May 19 13:50:25 +0000 2012,480,1.376098,103.955512,5
98734,4b0955acf964a520d91523e3,Sat May 19 16:20:47 +0000 2012,480,1.331275,103.948103,7
98734,4b75581af964a52061072ee3,Sat May 19 16:21:11 +0000 2012,480,1.331156,103.948296,7
58421,4e9fd3370aaf09533164547f,Sat May 19 16:35:17 +0000 2012,480,1.374364,103.951401,5
129438,4fae7588e4b0c29a764edd08,Mon May 21 11:35:20 +0000 2012,480,1.304521,103.851644,6
98734,4d549089b4deb1f7b3f7fa79,Tue May 22 01:06:22 +0000 2012,480,1.285877,103.822925,7
213352,4b058816f964a520f0b022e3,Tue May 22 06:08:54 +0000 2012,480,1.352775,103.944939,1
213352,4b67e88ef964a520c2602be3,Thu May 24 02:11:59 +0000 2012,480,1.334311,103.954482,1
203821,4f4bb74de4b0c132f449a4b0,Fri May 25 15:44:38 +0000 2012,480,1.300045,103.850019,4
213352,4ba448eff964a520f89238e3,Sat May 26 04:01:16 +0000 2012,480,1.253586,103.822174,1
213352,4bc416eb461576b049877f32,Sat May 26 06:11:41 +0000 2012,480,1.254637,103.821403,1
58421,4b0cc7baf964a520cc4123e3,Sun May 27 08:49:34 +0000 2012,480,1.301392,103.905467,5
98734,4e814f922c5b771b71c287d3,Mon May 28 04:26:51 +0000 2012,480,1.280424,103.836188,7
98734,4b68d2b3f964a520c28e2be3,Mon May 28 09:09:28 +0000 2012,480,1.281345,103.839126,7
203821,4f4bb74de4b0c132f449a4b0,Mon May 28 16:24:45 +0000 2012,480,1.300045,103.850019,4
203821,4f0685288231be292400b35d,Mon May 28 20:02:09 +0000 2012,480,1.298647,103.854135,4
213352,4fa7199ae4b04193772afc16,Tue May 29 03:27:56 +0000 2012,480,1.344967,103.931911,1
58421,4b127444f964a520fd8923e3,Tue May 29 04:20:51 +0000 2012,480,1.370918,103.892459,5
58421,4b077a2cf964a520fdfd22e3,Tue May 29 04:23:49 +0000 2012,480,1.372495,103.893714,5
58421,4b1dbce4f964a5209f1424e3,Tue May 29 04:59:28 +0000 2012,480,1.372115,103.893683,5
129438,4b0cc7baf964a520cc4123e3,Tue May 29 05:17:17 +0000 2012,480,1.301392,103.905467,6
129438,4b077a2cf964a520fdfd22e3,Tue May 29 11:59:14 +0000 2012,480,1.372495,103.893714,6
203821,4f327e87e4b0a160e8b9e724,Tue May 29 16:01:22 +0000 2012,480,1.287281,103.848213,4
213352,4eddaef09adfe5cbe3153bb8,Wed May 30 05:03:56 +0000 2012,480,1.352864,103.943576,1
213352,4b058814f964a5209bb022e3,Fri Jun 01 10:13:24 +0000 2012,480,1.307174,103.833139,1
129438,4b058815f964a520afb022e3,Fri Jun 01 13:31:39 +0000 2012,480,1.300304,103.844887,6
213352,4c775cda93faa093a2c5f0fb,Fri Jun 01 13:41:21 +0000 2012,480,1.301253,103.837023,1
203821,4f4bb74de4b0c132f449a4b0,Fri Jun 01 16:41:43 +0000 2012,480,1.300045,103.850019,4
58421,4b058815f964a520afb022e3,Sun Jun 03 05:18:58 +0000 2012,480,1.300304,103.844887,5
98734,4b8b4945f964a520e69a32e3,Sun Jun 03 07:04:44 +0000 2012,480,1.340178,103.950148,7
58421,4e63175445ddda3529de812c,Sun Jun 03 09:47:13 +0000 2012,480,1.316964,103.843801,5
129438,4b700708f964a52005042de3,Sun Jun 03 11:57:29 +0000 2012,480,1.302376,103.864055,6
213352,4b17a978f964a520e1c623e3,Sun Jun 03 12:47:13 +0000 2012,480,1.377214,103.898447,1
58421,4b5da988f964a520ae6529e3,Mon Jun 04 03:31:44 +0000 2012,480,1.350678,103.87275,5
98734,4f027e95490182a1aa202d93,Mon Jun 04 04:29:29 +0000 2012,480,1.277759,103.800042,7
87863,4b164600f964a520efb723e3,Mon Jun 04 08:11:49 +0000 2012,480,1.299666,103.854446,3
203821,4c775cda93faa093a2c5f0fb,Mon Jun 04 11:47:58 +0000 2012,480,1.301253,103.837023,4
87863,4b058816f964a520f0b022e3,Tue Jun 05 06:29:10 +0000 2012,480,1.352775,103.944939,3
129438,4b0cc7baf964a520cc4123e3,Tue Jun 05 06:47:26 +0000 2012,480,1.301392,103.905467,6
213352,4b077a2cf964a520fdfd22e3,Tue Jun 05 07:06:36 +0000 2012,480,1.372495,103.893714,1
98151,4b626c4ff964a52007472ae3,Tue Jun 05 09:09:39 +0000 2012,480,1.317558,103.844001,8
203821,4eca6e83be7ba4fc71d9c8a6,Wed Jun 06 19:42:08 +0000 2012,480,1.306302,103.828054,4
203821,4f327e87e4b0a160e8b9e724,Wed Jun 06 19:43:12 +0000 2012,480,1.287281,103.848213,4
203821,4f4bb74de4b0c132f449a4b0,Wed Jun 06 19:43:56 +0000 2012,480,1.300045,103.850019,4
87863,4c273be4aa77ef3ba9e698b0,Thu Jun 07 03:07:59 +0000 2012,480,1.332101,103.913498,3
135576,4b0cc2b9f964a520ac4123e3,Thu Jun 07 03:12:34 +0000 2012,480,1.293526,103.831999,9
129438,4b34192bf964a520032525e3,Thu Jun 07 04:49:13 +0000 2012,480,1.302064,103.905617,6
203821,4fd047a7e4b00b56d7b22d3d,Thu Jun 07 06:18:52 +0000 2012,480,1.280221,103.84155,4
129438,4bac8a81f964a52022fa3ae3,Thu Jun 07 12:16:59 +0000 2012,480,1.302489,103.840406,6
98734,4d0047f67c563704e37daff0,Thu Jun 07 13:05:17 +0000 2012,480,1.350753,103.872192,7
98734,4b5da988f964a520ae6529e3,Thu Jun 07 13:05:57 +0000 2012,480,1.350678,103.87275,7
87863,4b3ea610f964a5204ea025e3,Sat Jun 09 06:53:46 +0000 2012,480,1.354271,103.959979,3
203821,4c96ef24533aa0932e17d645,Sat Jun 09 08:59:03 +0000 2012,480,1.281302,103.812646,4
129438,4c775cda93faa093a2c5f0fb,Sat Jun 09 11:05:29 +0000 2012,480,1.301253,103.837023,6
203821,4fd047a7e4b00b56d7b22d3d,Sat Jun 09 11:58:43 +0000 2012,480,1.280221,103.84155,4
213352,4b08e700f964a520421323e3,Sat Jun 09 13:03:54 +0000 2012,480,1.304783,103.831938,1
213352,4c775cda93faa093a2c5f0fb,Sat Jun 09 13:58:40 +0000 2012,480,1.301253,103.837023,1
213352,4effc3df6d8642ac2d377904,Sat Jun 09 16:43:10 +0000 2012,480,1.29117,103.844125,1
98151,4c6b9ad51fb2a1431ebcf9e6,Sun Jun 10 10:12:38 +0000 2012,480,1.354033,103.945117,8
129438,4bbb0b80cf2fc9b6951da202,Sun Jun 10 11:21:20 +0000 2012,480,1.288739,103.805232,6
129438,4b6d61f7f964a520fa732ce3,Sun Jun 10 11:45:57 +0000 2012,480,1.28818,103.805265,6
129438,4bf76e3fc07c9c74d3a4bbef,Sun Jun 10 13:01:09 +0000 2012,480,1.305791,103.810739,6
203821,4fd047a7e4b00b56d7b22d3d,Sun Jun 10 13:02:52 +0000 2012,480,1.280221,103.84155,4
129438,4b4d8b31f964a520ded326e3,Sun Jun 10 13:05:34 +0000 2012,480,1.304189,103.809635,6
129438,4b0cc7baf964a520cc4123e3,Mon Jun 11 02:20:46 +0000 2012,480,1.301392,103.905467,6
213352,4d5e1f185c39b1f7acffe749,Mon Jun 11 07:27:25 +0000 2012,480,1.301811,103.837559,1
87863,4c21779f11de20a1177883ce,Mon Jun 11 08:23:52 +0000 2012,480,1.331763,103.909155,3
203821,4fd047a7e4b00b56d7b22d3d,Mon Jun 11 10:49:35 +0000 2012,480,1.280221,103.84155,4
98151,4c8b27711eafb1f7856d8135,Mon Jun 11 15:43:37 +0000 2012,480,1.306471,103.905135,8
87863,4ba74e93f964a520bc8a39e3,Tue Jun 12 08:54:46 +0000 2012,480,1.352394,103.945341,3
135576,4b058815f964a520afb022e3,Tue Jun 12 11:02:57 +0000 2012,480,1.300304,103.844887,9
213352,4b09ee1af964a520ed1f23e3,Tue Jun 12 13:31:04 +0000 2012,480,1.303087,103.863899,1
203821,4fd047a7e4b00b56d7b22d3d,Tue Jun 12 14:13:54 +0000 2012,480,1.280221,103.84155,4
98734,4f027e95490182a1aa202d93,Wed Jun 13 04:25:43 +0000 2012,480,1.277759,103.800042,7
135576,4b066e8df964a520c7eb22e3,Wed Jun 13 04:53:38 +0000 2012,480,1.29912,103.845371,9
129438,4b0cc7baf964a520cc4123e3,Wed Jun 13 05:32:08 +0000 2012,480,1.301392,103.905467,6
87863,4b0cc7baf964a520cc4123e3,Wed Jun 13 06:38:07 +0000 2012,480,1.301392,103.905467,3
203821,4c775cda93faa093a2c5f0fb,Wed Jun 13 09:44:58 +0000 2012,480,1.301253,103.837023,4
87863,4bec2a8561aca593cae38500,Wed Jun 13 09:55:55 +0000 2012,480,1.305114,103.927402,3
87863,4bfe5219e529c9282822bc8c,Wed Jun 13 10:51:17 +0000 2012,480,1.303591,103.904915,3
135576,4b24679bf964a520276724e3,Wed Jun 13 11:08:01 +0000 2012,480,1.305618,103.904982,9
129438,4bac8a81f964a52022fa3ae3,Wed Jun 13 11:27:59 +0000 2012,480,1.302489,103.840406,6
129438,4fae7588e4b0c29a764edd08,Wed Jun 13 12:45:07 +0000 2012,480,1.304521,103.851644,6
87863,4b34192bf964a520032525e3,Wed Jun 13 14:37:21 +0000 2012,480,1.302064,103.905617,3
203821,4f4bb74de4b0c132f449a4b0,Wed Jun 13 17:21:55 +0000 2012,480,1.300045,103.850019,4
129438,4b0cc7baf964a520cc4123e3,Thu Jun 14 02:50:46 +0000 2012,480,1.301392,103.905467,6
213352,4b5da988f964a520ae6529e3,Thu Jun 14 05:36:38 +0000 2012,480,1.350678,103.87275,1
98151,4bc00c1474a9a593a1a3cff6,Thu Jun 14 05:41:57 +0000 2012,480,1.293316,103.85744,8
98151,4bd04dc5a8b3a593af92635f,Thu Jun 14 08:15:58 +0000 2012,480,1.295032,103.859682,8
213352,4bb9c1a6935e9521d3512790,Fri Jun 15 09:43:38 +0000 2012,480,1.299129,103.855391,1
129438,4b058818f964a520a7b122e3,Fri Jun 15 11:03:33 +0000 2012,480,1.264939,103.821668,6
129438,4e1055b1483bee47ff2828f1,Fri Jun 15 11:30:33 +0000 2012,480,1.299117,103.787585,6
213352,4b1f8e5bf964a520eb2624e3,Mon Jun 18 11:32:05 +0000 2012,480,1.279787,103.834739,1
203821,4b058814f964a5209db022e3,Tue Jun 19 09:25:33 +0000 2012,480,1.30385,103.833103,4
203821,4b9dcc3cf964a52033be36e3,Tue Jun 19 09:25:51 +0000 2012,480,1.303184,103.834877,4
203821,4c775cda93faa093a2c5f0fb,Tue Jun 19 10:55:04 +0000 2012,480,1.301253,103.837023,4
203821,4e46e095183849317e7cfb58,Wed Jun 20 20:14:40 +0000 2012,480,1.306273,103.826466,4
135576,4b058815f964a520afb022e3,Thu Jun 21 10:10:31 +0000 2012,480,1.300304,103.844887,9
135576,4b84c044f964a520274331e3,Thu Jun 21 10:11:10 +0000 2012,480,1.300283,103.844929,9
213352,4b5da988f964a520ae6529e3,Thu Jun 21 11:08:25 +0000 2012,480,1.350678,103.87275,1
129438,4bac8a81f964a52022fa3ae3,Mon Jun 25 11:22:38 +0000 2012,480,1.302489,103.840406,6
203821,4c41e609e26920a150275fe7,Tue Jun 26 19:14:48 +0000 2012,480,1.28968,103.845155,4
129438,4b0cc7baf964a520cc4123e3,Wed Jun 27 00:51:03 +0000 2012,480,1.301392,103.905467,6
129438,4bac8a81f964a52022fa3ae3,Mon Jul 02 10:39:59 +0000 2012,480,1.302489,103.840406,6
203821,4b058816f964a520f0b022e3,Mon Jul 02 11:56:58 +0000 2012,480,1.352775,103.944939,4
203821,4f327e87e4b0a160e8b9e724,Mon Jul 02 16:50:21 +0000 2012,480,1.287281,103.848213,4
203821,4c41e609e26920a150275fe7,Mon Jul 02 16:50:52 +0000 2012,480,1.28968,103.845155,4
129438,4b0cc7baf964a520cc4123e3,Tue Jul 03 00:56:31 +0000 2012,480,1.301392,103.905467,6
203821,4b68ddc6f964a520d2902be3,Tue Jul 03 01:14:31 +0000 2012,480,1.286498,103.843463,4
98734,4dae6dcb7aba203c0860d16c,Tue Jul 03 01:25:59 +0000 2012,480,1.304128,103.884841,7
98734,4d2efbdcad3a8cfa044399bd,Tue Jul 03 01:26:25 +0000 2012,480,1.304114,103.884707,7
135576,4b9b5ce8f964a520a90236e3,Tue Jul 03 02:38:26 +0000 2012,480,1.292599,103.812867,9
203821,4f4bb74de4b0c132f449a4b0,Tue Jul 03 14:54:48 +0000 2012,480,1.300045,103.850019,4
129438,4b5aa27df964a520dace28e3,Tue Jul 03 16:03:39 +0000 2012,480,1.354087,103.86794,6
135576,4b9b5ce8f964a520a90236e3,Tue Jul 03 23:26:05 +0000 2012,480,1.292599,103.812867,9
135576,4c8c884655fba09339a760ab,Wed Jul 04 11:16:37 +0000 2012,480,1.283062,103.843718,9
203821,4c11185eb93cc9b64fc757e0,Wed Jul 04 16:35:28 +0000 2012,480,1.286901,103.848846,4
135576,4b9b5ce8f964a520a90236e3,Thu Jul 05 03:16:41 +0000 2012,480,1.292599,103.812867,9
135576,4b058815f964a520afb022e3,Thu Jul 05 08:42:15 +0000 2012,480,1.300304,103.844887,9
203821,4b058816f964a520f0b022e3,Thu Jul 05 12:12:18 +0000 2012,480,1.352775,103.944939,4
129438,4b5da988f964a520ae6529e3,Thu Jul 05 12:37:23 +0000 2012,480,1.350678,103.87275,6
203821,4bd1e8a4462cb7135d28db07,Thu Jul 05 14:46:51 +0000 2012,480,1.287011,103.849062,4
98734,4cffb6c0f16054816b729aea,Fri Jul 06 05:41:51 +0000 2012,480,1.353096,103.985865,7
203821,4c775cda93faa093a2c5f0fb,Fri Jul 06 10:16:48 +0000 2012,480,1.301253,103.837023,4
98734,4b058819f964a520dcb122e3,Fri Jul 06 11:47:09 +0000 2012,480,1.333495,103.959503,7
98734,4f798794e4b0ca8cfed7dad4,Fri Jul 06 11:47:30 +0000 2012,480,1.334647,103.959469,7
98734,4ce8cbfdf1c6236a563862f0,Fri Jul 06 11:47:48 +0000 2012,480,1.334436,103.959492,7
98734,4cb8472890c9a1430b0e7ed6,Fri Jul 06 11:48:22 +0000 2012,480,1.334768,103.959588,7
87863,4d7dbeee95c1a143e431c4f2,Fri Jul 06 12:14:26 +0000 2012,480,1.337543,103.922713,3
87863,4c80cfc8d34ca14375241c80,Fri Jul 06 12:59:22 +0000 2012,480,1.337908,103.923482,3
213352,4effc3df6d8642ac2d377904,Fri Jul 06 18:46:06 +0000 2012,480,1.29117,103.844125,1
98734,4c53b905728920a1aaf58e81,Fri Jul 06 22:28:14 +0000 2012,480,1.349547,103.933052,7
98734,4ee17e6af5b9c102ea55c06e,Fri Jul 06 22:28:39 +0000 2012,480,1.34946,103.933917,7
87863,4b1ee9ebf964a5207e2124e3,Sat Jul 07 01:48:17 +0000 2012,480,1.256461,103.821359,3
203821,4f3cd073e4b0c1f2775615f9,Sat Jul 07 14:57:09 +0000 2012,480,1.299645,103.849521,4
87863,4b058818f964a520a7b122e3,Sat Jul 07 15:09:29 +0000 2012,480,1.264939,103.821668,3
213352,4ccac71fc4d06dcb72fd6403,Sat Jul 07 15:42:59 +0000 2012,480,1.264806,103.824513,1
129438,4b762527f964a520d93f2ee3,Sat Jul 07 17:04:22 +0000 2012,480,1.264698,103.824835,6
213352,4effc3df6d8642ac2d377904,Sat Jul 07 18:26:26 +0000 2012,480,1.29117,103.844125,1
129438,4b05880ef964a520d6ae22e3,Sun Jul 08 11:19:59 +0000 2012,480,1.28984,103.845005,6
129438,4bfb5003d2b720a1fde7326a,Sun Jul 08 11:44:17 +0000 2012,480,1.289783,103.845314,6
129438,4b0cc7baf964a520cc4123e3,Mon Jul 09 01:22:25 +0000 2012,480,1.301392,103.905467,6
87863,4bccf0b6b6c49c74cfb89491,Mon Jul 09 02:37:56 +0000 2012,480,1.337845,103.927176,3
135576,4b9b5ce8f964a520a90236e3,Mon Jul 09 03:31:20 +0000 2012,480,1.292599,103.812867,9
213352,4b058816f964a520f0b022e3,Mon Jul 09 04:05:23 +0000 2012,480,1.352775,103.944939,1
98734,4b593485f964a5204f8128e3,Mon Jul 09 05:04:41 +0000 2012,480,1.281484,103.834796,7
129438,4bac8a81f964a52022fa3ae3,Mon Jul 09 11:03:28 +0000 2012,480,1.302489,103.840406,6
87863,4bccf0b6b6c49c74cfb89491,Wed Jul 11 01:47:46 +0000 2012,480,1.337845,103.927176,3
213352,4c916d15ae96a093e69aa346,Thu Jul 12 04:45:09 +0000 2012,480,1.357186,103.945958,1
203821,4c775cda93faa093a2c5f0fb,Thu Jul 12 11:25:07 +0000 2012,480,1.301253,103.837023,4
203821,4f4bb74de4b0c132f449a4b0,Thu Jul 12 15:53:43 +0000 2012,480,1.300045,103.850019,4
203821,4b68ddc6f964a520d2902be3,Fri Jul 13 07:28:26 +0000 2012,480,1.286498,103.843463,4
213352,4b1f8e5bf964a520eb2624e3,Fri Jul 13 08:26:04 +0000 2012,480,1.279787,103.834739,1
87863,4ca408bcd7c337049958a662,Sat Jul 14 02:11:56 +0000 2012,480,1.357445,103.956336,3
87863,4c33d01e452620a12042240f,Sat Jul 14 03:48:38 +0000 2012,480,1.356388,103.955848,3
135576,4b1e7356f964a5201f1a24e3,Sat Jul 14 11:09:25 +0000 2012,480,1.312151,103.83949,9
98151,4bc00c1474a9a593a1a3cff6,Sat Jul 14 12:28:17 +0000 2012,480,1.293316,103.85744,8
213352,4bb9c1a6935e9521d3512790,Sat Jul 14 12:36:07 +0000 2012,480,1.299129,103.855391,1
58421,4b058819f964a520d4b122e3,Sat Jul 14 13:00:04 +0000 2012,480,1.321418,103.845949,5
58421,4b0cda2cf964a520314223e3,Sun Jul 15 10:15:08 +0000 2012,480,1.31311,103.860369,5
58421,4b058819f964a520d4b122e3,Sun Jul 15 11:04:58 +0000 2012,480,1.321418,103.845949,5
135576,4bce72c9fb84c9b60cf3233e,Sun Jul 15 12:49:55 +0000 2012,480,1.298925,103.839759,9
135576,4b9b5ce8f964a520a90236e3,Mon Jul 16 03:10:30 +0000 2012,480,1.292599,103.812867,9
135576,4d425c848b88b1f7cfaaea33,Mon Jul 16 03:11:30 +0000 2012,480,1.293597,103.812771,9
87863,4bccf0b6b6c49c74cfb89491,Mon Jul 16 03:43:54 +0000 2012,480,1.337845,103.927176,3
87863,4bccf0b6b6c49c74cfb89491,Mon Jul 16 03:44:05 +0000 2012,480,1.337845,103.927176,3
87863,4bccf0b6b6c49c74cfb89491,Mon Jul 16 07:12:17 +0000 2012,480,1.337845,103.927176,3
87863,4d70874a419da35d0a4a07d8,Mon Jul 16 10:46:56 +0000 2012,480,1.337647,103.92228,3
135576,4b9b5ce8f964a520a90236e3,Mon Jul 16 23:30:53 +0000 2012,480,1.292599,103.812867,9
87863,4bccf0b6b6c49c74cfb89491,Tue Jul 17 01:50:36 +0000 2012,480,1.337845,103.927176,3
87863,4d2cea34679e6dcbcb3caa95,Tue Jul 17 01:51:08 +0000 2012,480,1.337746,103.926581,3
98734,4f027e95490182a1aa202d93,Tue Jul 17 04:43:45 +0000 2012,480,1.277759,103.800042,7
87863,4b058816f964a520f0b022e3,Tue Jul 17 06:40:43 +0000 2012,480,1.352775,103.944939,3
87863,4b341e41f964a520342525e3,Tue Jul 17 06:40:59 +0000 2012,480,1.35263,103.944794,3
58421,4cb92809d78f46882cc9b473,Tue Jul 17 06:56:17 +0000 2012,480,1.307058,103.862872,5
135576,4b9b5ce8f964a520a90236e3,Tue Jul 17 23:43:18 +0000 2012,480,1.292599,103.812867,9
98151,4b47fd3ff964a520d74526e3,Wed Jul 18 00:10:17 +0000 2012,480,1.319788,103.843825,8
98151,4ba9ac72f964a520ce333ae3,Wed Jul 18 00:49:07 +0000 2012,480,1.298222,103.844426,8
203821,4ff458a8e4b021ccc6685c68,Wed Jul 18 14:22:29 +0000 2012,480,1.300187,103.850008,4
87863,4bccf0b6b6c49c74cfb89491,Thu Jul 19 00:03:36 +0000 2012,480,1.337845,103.927176,3
135576,4b1b9e03f964a5203cfc23e3,Thu Jul 19 00:29:48 +0000 2012,480,1.324142,103.814192,9
98151,4dcf5723d4c065592f96f85a,Fri Jul 20 13:34:23 +0000 2012,480,1.320983,103.842076,8
135576,4b058815f964a520afb022e3,Sun Jul 22 11:09:39 +0000 2012,480,1.300304,103.844887,9
135576,4b84c044f964a520274331e3,Sun Jul 22 11:10:03 +0000 2012,480,1.300283,103.844929,9
135576,4cf9b7eb20fe370465a348f8,Tue Jul 24 08:40:27 +0000 2012,480,1.289256,103.820242,9
203821,4f4bb74de4b0c132f449a4b0,Tue Jul 24 16:09:22 +0000 2012,480,1.300045,103.850019,4
135576,4f073109e4b05dd3a1cc0f5c,Thu Jul 26 23:23:41 +0000 2012,480,1.293597,103.812765,9
135576,4b058815f964a520afb022e3,Sat Jul 28 11:33:04 +0000 2012,480,1.300304,103.844887,9
135576,4b84c044f964a520274331e3,Sat Jul 28 11:33:54 +0000 2012,480,1.300283,103.844929,9
129438,4b1baa07f964a52084fc23e3,Sat Jul 28 12:26:25 +0000 2012,480,1.35617,103.987033,6
135576,4b9b5ce8f964a520a90236e3,Sun Jul 29 23:35:47 +0000 2012,480,1.292599,103.812867,9
135576,4e49b202a80997a2dbe9d353,Mon Jul 30 03:36:48 +0000 2012,480,1.294265,103.812674,9
98151,4b9d16b1f964a520908e36e3,Mon Jul 30 07:13:57 +0000 2012,480,1.334976,103.858738,8
135576,4b1772e4f964a5209fc523e3,Mon Jul 30 07:17:03 +0000 2012,480,1.299505,103.847644,9
87863,4bccf0b6b6c49c74cfb89491,Mon Jul 30 09:31:13 +0000 2012,480,1.337845,103.927176,3
98734,4bb6b75c6edc76b0e76e311c,Sun Aug 05 07:25:38 +0000 2012,480,1.386734,103.930886,7
98734,4b8ccca1f964a52076dd32e3,Sun Aug 05 08:20:22 +0000 2012,480,1.383297,103.928104,7
129438,4bac8a81f964a52022fa3ae3,Mon Aug 06 11:12:33 +0000 2012,480,1.302489,103.840406,6
87863,4bb9e4957421a593ea1dc340,Mon Aug 06 12:32:43 +0000 2012,480,1.325207,103.930229,3
98151,4b058814f964a5209bb022e3,Mon Aug 06 13:11:14 +0000 2012,480,1.307174,103.833139,8
98734,4bb9e4957421a593ea1dc340,Thu Aug 09 09:29:07 +0000 2012,480,1.325207,103.930229,7
203821,4b058815f964a520acb022e3,Thu Aug 09 13:00:13 +0000 2012,480,1.291128,103.857708,4
87863,4edf727b0aaf167e54294bed,Fri Aug 10 04:58:53 +0000 2012,480,1.345057,103.942222,3
87863,4cb6db7b589f236a324e3a3d,Fri Aug 10 11:23:15 +0000 2012,480,1.375905,103.955598,3
87863,4b39aa16f964a520605e25e3,Fri Aug 10 11:23:32 +0000 2012,480,1.376683,103.955067,3
213352,4b5da988f964a520ae6529e3,Fri Aug 10 15:58:56 +0000 2012,480,1.350678,103.87275,1
203821,4ffa8ad7e4b054fbabd8c960,Fri Aug 10 19:06:06 +0000 2012,480,1.301611,103.841318,4
213352,4effc3df6d8642ac2d377904,Fri Aug 10 19:26:46 +0000 2012,480,1.29117,103.844125,1
87863,4b3ea610f964a5204ea025e3,Sat Aug 11 06:24:09 +0000 2012,480,1.354271,103.959979,3
98734,4b05880af964a5209aad22e3,Sat Aug 11 09:23:21 +0000 2012,480,1.306909,103.827788,7
129438,4e6ac2fcd164c37bf4bc1538,Sat Aug 11 11:33:35 +0000 2012,480,1.302752,103.836154,6
203821,4c775cda93faa093a2c5f0fb,Sat Aug 11 12:49:22 +0000 2012,480,1.301253,103.837023,4
98151,4baec35df964a520ecd53be3,Sat Aug 11 14:09:39 +0000 2012,480,1.320764,103.844136,8
98151,4ce4dbf176388cfa98852603,Sat Aug 11 14:50:33 +0000 2012,480,1.300577,103.841808,8
213352,4c8259fe6bd49521e137c4d2,Sat Aug 11 15:07:52 +0000 2012,480,1.289653,103.83831,1
213352,4e8f1329dab454671ef8d0a6,Sat Aug 11 21:15:00 +0000 2012,480,1.292022,103.859208,1
135576,4b0bb8b5f964a520363323e3,Sun Aug 12 04:15:41 +0000 2012,480,1.300833,103.839755,9
135576,4b6e3258f964a520ffb02ce3,Sun Aug 12 07:40:03 +0000 2012,480,1.284188,103.81549,9
87863,4b058816f964a520f0b022e3,Sun Aug 12 08:17:31 +0000 2012,480,1.352775,103.944939,3
87863,4b341e41f964a520342525e3,Sun Aug 12 11:41:20 +0000 2012,480,1.35263,103.944794,3
87863,4bccf0b6b6c49c74cfb89491,Mon Aug 13 04:11:56 +0000 2012,480,1.337845,103.927176,3
203821,4ffa8ad7e4b054fbabd8c960,Mon Aug 13 15:58:51 +0000 2012,480,1.301611,103.841318,4
129438,4c384f3e93db0f474f592192,Tue Aug 14 10:29:18 +0000 2012,480,1.300524,103.854967,6
203821,4ffa8ad7e4b054fbabd8c960,Fri Aug 17 15:44:20 +0000 2012,480,1.301611,103.841318,4
213352,4c8259fe6bd49521e137c4d2,Fri Aug 17 16:40:29 +0000 2012,480,1.289653,103.83831,1
87863,4b058816f964a520f0b022e3,Mon Aug 20 05:23:19 +0000 2012,480,1.352775,103.944939,3
135576,4b058814f964a520a0b022e3,Mon Aug 20 05:58:20 +0000 2012,480,1.305747,103.831519,9
87863,4b341e41f964a520342525e3,Mon Aug 20 07:54:42 +0000 2012,480,1.35263,103.944794,3
98151,4b0a0deaf964a5205e2123e3,Mon Aug 20 14:12:50 +0000 2012,480,1.317621,103.843997,8
98734,4b5bb19af964a520761029e3,Sat Aug 18 09:58:47 +0000 2012,480,1.256032,103.81887,7
201784,4bc7ea1d8b7c9c74366f37cf,Sat Aug 18 10:50:37 +0000 2012,480,1.279345,103.843859,0
129438,4b05880cf964a5201fae22e3,Sat Aug 18 11:54:34 +0000 2012,480,1.299829,103.855814,6
201784,4b058813f964a52004b022e3,Sat Aug 18 12:33:57 +0000 2012,480,1.278474,103.842652,0
98734,4b5bb19af964a520761029e3,Sun Aug 19 03:54:46 +0000 2012,480,1.256032,103.81887,7
98151,4b0a0deaf964a5205e2123e3,Wed Aug 22 16:09:30 +0000 2012,480,1.317621,103.843997,8
203821,4ffa8ad7e4b054fbabd8c960,Wed Aug 22 16:45:42 +0000 2012,480,1.301611,103.841318,4
213352,4e8f1329dab454671ef8d0a6,Wed Sep 05 16:06:44 +0000 2012,480,1.292022,103.859208,1
58421,4b058816f964a520f0b022e3,Thu Sep 06 03:29:29 +0000 2012,480,1.352775,103.944939,5
87863,4c384f3e93db0f474f592192,Thu Sep 13 08:18:02 +0000 2012,480,1.300524,103.854967,3
87863,4d42bc73946af04dcba90677,Thu Sep 13 09:34:17 +0000 2012,480,1.299775,103.85503,3
203821,4ffa8ad7e4b054fbabd8c960,Fri Sep 14 19:58:27 +0000 2012,480,1.301611,103.841318,4
87863,4d5687fdcf1b3704bf4ebf3f,Sat Sep 15 05:12:35 +0000 2012,480,1.331646,103.910148,3
87863,4b058816f964a520f0b022e3,Sat Sep 15 09:03:18 +0000 2012,480,1.352775,103.944939,3
98734,4ca82f4444a8224b246e1540,Sat Sep 15 15:52:31 +0000 2012,480,1.376098,103.955512,7
203821,4ffa8ad7e4b054fbabd8c960,Mon Oct 08 19:38:55 +0000 2012,480,1.301611,103.841318,4
87863,4b0cc7baf964a520cc4123e3,Fri Oct 12 07:00:25 +0000 2012,480,1.301392,103.905467,3
87863,4b51a468f964a520825127e3,Fri Oct 12 07:00:43 +0000 2012,480,1.302701,103.906154,3
98151,4bb9e4957421a593ea1dc340,Fri Oct 12 08:31:37 +0000 2012,480,1.325207,103.930229,8
98151,4c1abccfb4e62d7fb055d893,Fri Oct 12 08:51:51 +0000 2012,480,1.299087,103.904478,8
87863,4cb6db7b589f236a324e3a3d,Fri Oct 12 09:22:36 +0000 2012,480,1.375905,103.955598,3
87863,4b74f3b0f964a52026f92de3,Fri Oct 12 11:08:25 +0000 2012,480,1.375723,103.955491,3
98151,4e8f1329dab454671ef8d0a6,Fri Oct 12 19:27:09 +0000 2012,480,1.292022,103.859208,8
135576,4c67de1d8e9120a1dc7cdb64,Sat Oct 13 06:36:47 +0000 2012,480,1.251537,103.824685,9
135576,4b058818f964a520a7b122e3,Sat Oct 13 10:44:29 +0000 2012,480,1.264939,103.821668,9
98151,4b98d7ebf964a520145235e3,Tue Oct 16 13:26:13 +0000 2012,480,1.317493,103.844239,8
201784,4b62ecb7f964a5201f592ae3,Wed Oct 17 11:28:09 +0000 2012,480,1.311218,103.795513,0
98151,507ff864498ef796572f4abf,Thu Oct 18 15:17:09 +0000 2012,480,1.290769,103.845422,8
98151,4c41e609e26920a150275fe7,Thu Oct 18 18:30:49 +0000 2012,480,1.28968,103.845155,8
98151,4e8f1329dab454671ef8d0a6,Fri Oct 19 19:05:07 +0000 2012,480,1.292022,103.859208,8
87863,4cf13acde942548124f568c5,Mon Oct 22 07:57:18 +0000 2012,480,1.306076,103.866094,3
87863,4b058816f964a520f0b022e3,Wed Oct 24 05:41:08 +0000 2012,480,1.352775,103.944939,3
98734,4ba72d7ff964a5207d8439e3,Wed Oct 24 06:28:14 +0000 2012,480,1.279887,103.822657,7
98151,4e8f1329dab454671ef8d0a6,Wed Oct 24 15:53:04 +0000 2012,480,1.292022,103.859208,8
87863,4c6b9ad51fb2a1431ebcf9e6,Thu Oct 25 05:40:39 +0000 2012,480,1.354033,103.945117,3
98151,4b9d16b1f964a520908e36e3,Thu Oct 25 07:06:42 +0000 2012,480,1.334976,103.858738,8
201784,4b05880af964a520acad22e3,Thu Oct 25 08:57:56 +0000 2012,480,1.29812,103.855013,0
213352,4bb610c81344b71318e99c04,Thu Oct 25 14:46:43 +0000 2012,480,1.308016,103.856927,1
98151,4b05880bf964a520c5ad22e3,Fri Oct 26 11:08:52 +0000 2012,480,1.291986,103.858971,8
87863,4b3ea610f964a5204ea025e3,Sat Oct 27 05:46:20 +0000 2012,480,1.354271,103.959979,3
98151,4e8f1329dab454671ef8d0a6,Sat Oct 27 21:18:55 +0000 2012,480,1.292022,103.859208,8
58421,4b2de4e9f964a520eedb24e3,Sun Oct 28 08:21:29 +0000 2012,480,1.352669,103.944064,5
87863,4b058818f964a520a7b122e3,Sun Oct 28 11:21:39 +0000 2012,480,1.264939,103.821668,3
58421,4b5da988f964a520ae6529e3,Mon Oct 29 08:13:59 +0000 2012,480,1.350678,103.87275,5
87863,4b058816f964a520f0b022e3,Mon Oct 29 12:53:03 +0000 2012,480,1.352775,103.944939,3
139680,4cdce111a1bba35d3a2f9de5,Wed Oct 31 04:55:13 +0000 2012,480,1.339336,103.907293,2
98151,4b9d16b1f964a520908e36e3,Wed Oct 31 07:52:41 +0000 2012,480,1.334976,103.858738,8
87863,4c6b9ad51fb2a1431ebcf9e6,Thu Nov 01 07:10:20 +0000 2012,480,1.354033,103.945117,3
58421,4c8ec576a8de224bbf602a01,Mon Nov 05 09:42:31 +0000 2012,480,1.317749,103.974066,5
203821,4ffa8ad7e4b054fbabd8c960,Tue Nov 06 20:01:21 +0000 2012,480,1.301611,103.841318,4
201784,4b08e700f964a520421323e3,Wed Nov 07 09:47:31 +0000 2012,480,1.304783,103.831938,0
98151,4b058818f964a520bbb122e3,Thu Nov 08 09:47:35 +0000 2012,480,1.319723,103.843696,8
139680,4b05880df964a5206fae22e3,Fri Nov 09 17:38:21 +0000 2012,480,1.288838,103.846639,2
213352,4b058815f964a520afb022e3,Sun Nov 11 05:05:18 +0000 2012,480,1.300304,103.844887,1
139680,4ffa8946e4b01992ac0c59a2,Sun Nov 11 17:23:36 +0000 2012,480,1.301659,103.841182,2
87863,4b341e41f964a520342525e3,Mon Nov 12 04:31:27 +0000 2012,480,1.35263,103.944794,3
139680,4e084baca809495e619ddfff,Mon Nov 12 14:03:28 +0000 2012,480,1.265267,103.820219,2
139680,4b1e7356f964a5201f1a24e3,Mon Nov 12 14:33:50 +0000 2012,480,1.312151,103.83949,2
139680,502f8df7e4b0b49bb55ab802,Mon Nov 12 16:59:29 +0000 2012,480,1.308678,103.857782,2
139680,4ed643d7722eff15c027c677,Mon Nov 12 18:33:49 +0000 2012,480,1.308044,103.858444,2
213352,4bc44c65abf4952126cfc493,Tue Nov 13 11:33:36 +0000 2012,480,1.359311,103.888416,1
98151,4b07f6b3f964a520a10123e3,Fri Nov 16 01:54:27 +0000 2012,480,1.311234,103.856485,8
98734,4b058815f964a520aab022e3,Fri Nov 16 07:00:22 +0000 2012,480,1.302976,103.853054,7
58421,4b84eb16f964a520864731e3,Fri Nov 16 12:18:16 +0000 2012,480,1.284434,103.842859,5
98151,4b0d53daf964a520664623e3,Fri Nov 16 17:54:29 +0000 2012,480,1.290859,103.846008,8
87863,4bf8e0c65efe2d7fa87f6b34,Sat Nov 17 11:24:41 +0000 2012,480,1.294087,103.853796,3
139680,4b05880df964a5206fae22e3,Sat Nov 17 17:51:59 +0000 2012,480,1.288838,103.846639,2
87863,4edf727b0aaf167e54294bed,Tue Nov 20 06:25:42 +0000 2012,480,1.345057,103.942222,3
139680,4f1f62abe4b0ec749bd3580b,Tue Nov 20 06:58:15 +0000 2012,480,1.339755,103.907084,2
87863,4b6cc5c4f964a5205b532ce3,Wed Nov 21 04:43:15 +0000 2012,480,1.352925,103.94341,3
201784,4b4b1113f964a520c19126e3,Wed Nov 21 10:25:43 +0000 2012,480,1.298218,103.856157,0
87863,4c273be4aa77ef3ba9e698b0,Thu Nov 22 05:53:57 +0000 2012,480,1.332101,103.913498,3
201784,4b189466f964a52049d423e3,Fri Nov 23 08:21:51 +0000 2012,480,1.301339,103.8386,0
58421,4b058818f964a520a7b122e3,Fri Nov 23 08:36:39 +0000 2012,480,1.264939,103.821668,5
201784,4c079d410ed3c9286abe797d,Fri Nov 23 10:03:23 +0000 2012,480,1.306974,103.833098,0
58421,4b058818f964a520a7b122e3,Fri Nov 23 10:44:55 +0000 2012,480,1.264939,103.821668,5
58421,4b9ca3b0f964a520067436e3,Fri Nov 23 10:46:48 +0000 2012,480,1.263324,103.822512,5
87863,4c6b9ad51fb2a1431ebcf9e6,Sat Nov 24 08:12:18 +0000 2012,480,1.354033,103.945117,3
139680,4d11807f0c786ea80450d1ab,Sat Nov 24 11:55:09 +0000 2012,480,1.31389,103.886859,2
58421,4cbad639a33bb1f766bf90fd,Sun Nov 25 10:13:56 +0000 2012,480,1.323585,103.854049,5
87863,4c8b74221797236af3f36a88,Sun Nov 25 11:08:03 +0000 2012,480,1.321951,103.866226,3
87863,4f9de486e4b065054d60c31d,Mon Nov 26 04:48:01 +0000 2012,480,1.3319,103.908857,3
58421,4b077a2cf964a520fdfd22e3,Mon Nov 26 08:59:40 +0000 2012,480,1.372495,103.893714,5
87863,4c6b9ad51fb2a1431ebcf9e6,Mon Nov 26 09:15:58 +0000 2012,480,1.354033,103.945117,3
87863,4b189466f964a52049d423e3,Mon Nov 26 12:23:53 +0000 2012,480,1.301339,103.8386,3
98151,4b058818f964a520bbb122e3,Thu Nov 29 04:51:47 +0000 2012,480,1.319723,103.843696,8
139680,50b8bd75e4b0e9ecea250d97,Fri Nov 30 14:07:35 +0000 2012,480,1.31192,103.861807,2
213352,4b0bd124f964a520e03323e3,Sat Dec 01 08:28:06 +0000 2012,480,1.356685,103.988471,1
58421,4b5da988f964a520ae6529e3,Sat Dec 01 08:45:54 +0000 2012,480,1.350678,103.87275,5
139680,50b8bd75e4b0e9ecea250d97,Sun Dec 02 08:27:17 +0000 2012,480,1.31192,103.861807,2
87863,4b164600f964a520efb723e3,Wed Dec 05 08:55:17 +0000 2012,480,1.299666,103.854446,3
87863,4c21779f11de20a1177883ce,Wed Dec 05 11:49:10 +0000 2012,480,1.331763,103.909155,3
87863,4b2de4e9f964a520eedb24e3,Thu Dec 06 11:31:24 +0000 2012,480,1.352669,103.944064,3
87863,4b058816f964a520f0b022e3,Thu Dec 06 13:51:03 +0000 2012,480,1.352775,103.944939,3
87863,4b189466f964a52049d423e3,Fri Dec 07 11:11:58 +0000 2012,480,1.301339,103.8386,3
87863,4b56f3b8f964a520702028e3,Fri Dec 07 12:30:58 +0000 2012,480,1.303409,103.835757,3
139680,4caed7b7cbab236a88629373,Sat Dec 08 04:31:10 +0000 2012,480,1.345971,103.890874,2
139680,50bdf50be4b04496733c7c22,Sat Dec 08 11:53:38 +0000 2012,480,1.311956,103.861921,2
58421,4b3993f4f964a520e25d25e3,Sat Dec 08 14:14:30 +0000 2012,480,1.376206,103.955598,5
139680,4b59c37ef964a520c59628e3,Sat Dec 08 20:17:19 +0000 2012,480,1.288639,103.842773,2
87863,4ce4b5e4ae20224b4850d4ec,Sun Dec 09 06:26:03 +0000 2012,480,1.324711,103.93244,3
139680,50b8bd75e4b0e9ecea250d97,Sun Dec 09 11:28:05 +0000 2012,480,1.31192,103.861807,2
87863,4b0cc7baf964a520cc4123e3,Mon Dec 10 04:51:02 +0000 2012,480,1.301392,103.905467,3
58421,4bb9c1a6935e9521d3512790,Mon Dec 10 07:39:51 +0000 2012,480,1.299129,103.855391,5
58421,4b54408ef964a52098b527e3,Mon Dec 10 07:40:41 +0000 2012,480,1.299912,103.855884,5
98151,4c282eec97d00f47648e3fea,Tue Dec 11 02:56:23 +0000 2012,480,1.318597,103.843599,8
98151,4b573049f964a520302a28e3,Tue Dec 11 14:45:44 +0000 2012,480,1.301939,103.850284,8
98151,4b058818f964a520bbb122e3,Tue Dec 11 23:40:58 +0000 2012,480,1.319723,103.843696,8
98151,4b0683f6f964a52098ec22e3,Wed Dec 12 14:06:38 +0000 2012,480,1.311714,103.794444,8
98151,4e8f1329dab454671ef8d0a6,Wed Dec 12 17:23:14 +0000 2012,480,1.292022,103.859208,8
139680,50bdf50be4b04496733c7c22,Thu Dec 13 11:32:17 +0000 2012,480,1.311956,103.861921,2
58421,4b077a2cf964a520fdfd22e3,Thu Dec 13 11:49:39 +0000 2012,480,1.372495,103.893714,5
98151,4b809aebf964a520708030e3,Fri Dec 14 10:41:35 +0000 2012,480,1.37067,103.888547,8
98151,4e8f1329dab454671ef8d0a6,Fri Dec 14 21:00:38 +0000 2012,480,1.292022,103.859208,8
139680,4b0d53daf964a520664623e3,Sat Dec 15 16:29:12 +0000 2012,480,1.290859,103.846008,2
201784,4b164600f964a520efb723e3,Sun Dec 16 04:58:39 +0000 2012,480,1.299666,103.854446,0
139680,50bdf50be4b04496733c7c22,Sun Dec 16 09:41:03 +0000 2012,480,1.311956,103.861921,2
98151,4b4969b1f964a520606f26e3,Sun Dec 16 13:23:29 +0000 2012,480,1.305543,103.831573,8
98151,4d5b1acbe9b28cfa5029213f,Tue Dec 18 11:35:40 +0000 2012,480,1.320774,103.845177,8
87863,4c21779f11de20a1177883ce,Tue Dec 18 12:35:19 +0000 2012,480,1.331763,103.909155,3
213352,4df5f671814d67cb4ba8aecd,Tue Dec 18 15:16:07 +0000 2012,480,1.375219,103.898392,1
87863,4b08e700f964a520421323e3,Wed Dec 19 07:06:39 +0000 2012,480,1.304783,103.831938,3
87863,4c775cda93faa093a2c5f0fb,Wed Dec 19 09:47:43 +0000 2012,480,1.301253,103.837023,3
87863,4c8b74221797236af3f36a88,Wed Dec 19 12:05:45 +0000 2012,480,1.321951,103.866226,3
213352,4e8f1329dab454671ef8d0a6,Wed Dec 19 15:24:09 +0000 2012,480,1.292022,103.859208,1
98151,4e8f1329dab454671ef8d0a6,Wed Dec 19 16:59:06 +0000 2012,480,1.292022,103.859208,8
87863,4bec2a8561aca593cae38500,Thu Dec 20 05:42:29 +0000 2012,480,1.305114,103.927402,3
139680,4cdce111a1bba35d3a2f9de5,Sat Dec 22 00:03:41 +0000 2012,480,1.339336,103.907293,2
139680,4c160cf377cea5934602d360,Sat Dec 22 07:20:25 +0000 2012,480,1.302283,103.836851,2
139680,4d5b86996b2e3704607082ee,Sat Dec 22 07:44:29 +0000 2012,480,1.301051,103.839302,2
139680,4d038194dc45a093467de4c6,Sat Dec 22 15:21:21 +0000 2012,480,1.35444,103.878651,2
139680,4b058816f964a520f0b022e3,Sun Dec 23 04:51:20 +0000 2012,480,1.352775,103.944939,2
87863,4bb9c1a6935e9521d3512790,Sun Dec 23 06:25:55 +0000 2012,480,1.299129,103.855391,3
87863,4c384f3e93db0f474f592192,Sun Dec 23 06:48:34 +0000 2012,480,1.300524,103.854967,3
98151,4d3ba207d2c8f04dc0765a72,Sun Dec 23 10:39:48 +0000 2012,480,1.339414,103.847607,8
98151,4c775cda93faa093a2c5f0fb,Sun Dec 23 13:45:51 +0000 2012,480,1.301253,103.837023,8
139680,50bdf50be4b04496733c7c22,Thu Dec 27 11:13:39 +0000 2012,480,1.311956,103.861921,2
98151,4e49e8ef62e13240b6f830ff,Fri Dec 28 04:17:00 +0000 2012,480,1.31836,103.84382,8
87863,4b24679bf964a520276724e3,Fri Dec 28 04:51:30 +0000 2012,480,1.305618,103.904982,3
139680,50b8bd75e4b0e9ecea250d97,Sun Dec 30 07:27:41 +0000 2012,480,1.31192,103.861807,2
98151,4b29ad83f964a52076a224e3,Sun Dec 30 11:15:31 +0000 2012,480,1.324693,103.851253,8
58421,4b4db849f964a52046d626e3,Tue Jan 01 08:25:03 +0000 2013,480,1.359388,103.885217,5
213352,4c512f513940be9a10236f08,Tue Jan 01 08:27:18 +0000 2013,480,1.37272,103.898982,1
58421,4b7151bef964a520ea402de3,Tue Jan 01 10:23:16 +0000 2013,480,1.359431,103.885709,5
139680,50bdf50be4b04496733c7c22,Thu Jan 03 11:03:46 +0000 2013,480,1.311956,103.861921,2
139680,50bdf50be4b04496733c7c22,Thu Jan 03 11:03:46 +0000 2013,480,1.311956,103.861921,2
87863,4b058816f964a520f0b022e3,Fri Jan 04 05:29:38 +0000 2013,480,1.352775,103.944939,3
98151,4bdfbe2389ca76b0e5c45d5e,Fri Jan 04 07:42:55 +0000 2013,480,1.317555,103.843916,8
139680,4b058815f964a520aeb022e3,Fri Jan 04 10:34:56 +0000 2013,480,1.303447,103.835668,2
139680,4b08e700f964a520421323e3,Fri Jan 04 11:48:12 +0000 2013,480,1.304783,103.831938,2
98151,4bb610c81344b71318e99c04,Fri Jan 04 21:13:03 +0000 2013,480,1.308016,103.856927,8
213352,4b9b895df964a520bd0d36e3,Fri Jan 04 23:30:42 +0000 2013,480,1.288167,103.858995,1
139680,4effc3df6d8642ac2d377904,Sat Jan 05 15:57:37 +0000 2013,480,1.29117,103.844125,2
87863,4b2de4e9f964a520eedb24e3,Sun Jan 06 06:10:55 +0000 2013,480,1.352669,103.944064,3
201784,4b13fe99f964a520659b23e3,Sun Jan 06 11:15:05 +0000 2013,480,1.280684,103.850345,0
98151,4b9d16b1f964a520908e36e3,Mon Jan 07 08:57:06 +0000 2013,480,1.334976,103.858738,8
98151,4f0685288231be292400b35d,Mon Jan 07 15:36:43 +0000 2013,480,1.298647,103.854135,8
98151,4d3ba207d2c8f04dc0765a72,Tue Jan 08 05:37:30 +0000 2013,480,1.339414,103.847607,8
87863,4b058816f964a520f0b022e3,Tue Jan 08 06:45:06 +0000 2013,480,1.352775,103.944939,3
139680,4ca82f4444a8224b246e1540,Wed Jan 09 15:25:01 +0000 2013,480,1.376098,103.955512,2
87863,4bccf0b6b6c49c74cfb89491,Thu Jan 10 00:29:53 +0000 2013,480,1.337845,103.927176,3
87863,4c6b9ad51fb2a1431ebcf9e6,Thu Jan 10 07:12:14 +0000 2013,480,1.354033,103.945117,3
98734,4b058815f964a520aab022e3,Fri Jan 11 08:27:23 +0000 2013,480,1.302976,103.853054,7
213352,4bb9c1a6935e9521d3512790,Fri Jan 11 09:35:45 +0000 2013,480,1.299129,103.855391,1
98151,4b0d53daf964a520664623e3,Fri Jan 11 16:12:31 +0000 2013,480,1.290859,103.846008,8
201784,505abb57e4b043a9f0cd0ff2,Sat Jan 12 03:09:33 +0000 2013,480,1.311418,103.79582,0
87863,4b058816f964a520f0b022e3,Sat Jan 12 05:39:31 +0000 2013,480,1.352775,103.944939,3
98734,4b058814f964a5206fb022e3,Sat Jan 12 10:18:12 +0000 2013,480,1.288849,103.851276,7
98734,4b45bddbf964a520bd0f26e3,Sat Jan 12 10:18:56 +0000 2013,480,1.287996,103.850756,7
87863,4c273be4aa77ef3ba9e698b0,Sun Jan 13 07:27:17 +0000 2013,480,1.332101,103.913498,3
98151,4b058814f964a5209bb022e3,Sun Jan 13 12:09:57 +0000 2013,480,1.307174,103.833139,8
98151,4c25fd04905a0f478e616260,Sun Jan 13 15:11:45 +0000 2013,480,1.298832,103.853784,8
213352,4f781b85e4b067aa302b6c43,Tue Jan 15 11:16:52 +0000 2013,480,1.296754,103.854837,1
139680,4d02261702d0a35d82309d7e,Tue Jan 15 11:28:15 +0000 2013,480,1.350519,103.872758,2
87863,4b2de4e9f964a520eedb24e3,Thu Jan 17 11:25:51 +0000 2013,480,1.352669,103.944064,3
87863,4b058816f964a520f0b022e3,Thu Jan 17 12:05:23 +0000 2013,480,1.352775,103.944939,3
213352,4c18f057fe5a76b0f3c30215,Fri Jan 18 11:42:34 +0000 2013,480,1.293241,103.856145,1
98151,4bb9c1a6935e9521d3512790,Fri Jan 18 14:08:48 +0000 2013,480,1.299129,103.855391,8
98151,4e8f1329dab454671ef8d0a6,Fri Jan 18 15:29:58 +0000 2013,480,1.292022,103.859208,8
98151,4b0a0deaf964a5205e2123e3,Mon Jan 21 15:39:39 +0000 2013,480,1.317621,103.843997,8
139680,4caae84676d3a0932568276b,Tue Jan 22 01:43:26 +0000 2013,480,1.278117,103.834126,2
98151,4c73866dad69b60c0f5886b9,Tue Jan 22 09:26:26 +0000 2013,480,1.321075,103.844233,8
213352,4e2d350ffa76bbf847eb1ee0,Fri Jan 25 06:52:39 +0000 2013,480,1.276665,103.845116,1
213352,4b05880af964a520a6ad22e3,Fri Jan 25 07:14:13 +0000 2013,480,1.273687,103.845069,1
139680,4f9a750ee4b0b38d2e1467b4,Fri Jan 25 11:15:18 +0000 2013,480,1.350144,103.872937,2
139680,4b0d53daf964a520664623e3,Fri Jan 25 16:08:20 +0000 2013,480,1.290859,103.846008,2
139680,4ffa8ad7e4b054fbabd8c960,Fri Jan 25 17:12:10 +0000 2013,480,1.301611,103.841318,2
139680,4b12192df964a5200a8923e3,Fri Jan 25 20:56:18 +0000 2013,480,1.301943,103.840678,2
98151,4f0685288231be292400b35d,Sat Jan 26 17:38:21 +0000 2013,480,1.298647,103.854135,8
87863,4b058816f964a520f0b022e3,Sun Jan 27 07:45:40 +0000 2013,480,1.352775,103.944939,3
87863,4c6b9ad51fb2a1431ebcf9e6,Sun Jan 27 10:32:06 +0000 2013,480,1.354033,103.945117,3
139680,50bdf50be4b04496733c7c22,Sun Jan 27 10:50:35 +0000 2013,480,1.311956,103.861921,2
98151,4c775cda93faa093a2c5f0fb,Sun Jan 27 15:14:03 +0000 2013,480,1.301253,103.837023,8
139680,4b1f8e5bf964a520eb2624e3,Mon Jan 28 06:57:55 +0000 2013,480,1.279787,103.834739,2
87863,4cbd7f0aa33bb1f708509ffd,Mon Jan 28 10:53:35 +0000 2013,480,1.331781,103.909737,3
201784,4b24679bf964a520276724e3,Wed Jan 30 10:40:41 +0000 2013,480,1.305618,103.904982,0
98151,4e8f1329dab454671ef8d0a6,Wed Jan 30 15:45:39 +0000 2013,480,1.292022,103.859208,8
87863,4b0cc7baf964a520cc4123e3,Thu Jan 31 11:14:10 +0000 2013,480,1.301392,103.905467,3
139680,4d95278fc162530c18bfeca3,Fri Feb 01 02:47:39 +0000 2013,480,1.342031,103.913988,2
87863,4c273be4aa77ef3ba9e698b0,Fri Feb 01 11:12:17 +0000 2013,480,1.332101,103.913498,3
98151,4f3cd073e4b0c1f2775615f9,Fri Feb 01 17:56:23 +0000 2013,480,1.299645,103.849521,8
87863,4c384f3e93db0f474f592192,Sat Feb 02 06:16:00 +0000 2013,480,1.300524,103.854967,3
201784,4bd3f2f577b29c74edfa9182,Sat Feb 02 08:51:43 +0000 2013,480,1.283497,103.843242,0
213352,4b0d53daf964a520664623e3,Sat Feb 02 17:00:38 +0000 2013,480,1.290859,103.846008,1
213352,4effc3df6d8642ac2d377904,Sat Feb 02 18:20:34 +0000 2013,480,1.29117,103.844125,1
87863,4c890b4f94f5a093bcaad41e,Sun Feb 03 10:04:47 +0000 2013,480,1.337638,103.92274,3
139680,50b8bd75e4b0e9ecea250d97,Sun Feb 03 12:17:41 +0000 2013,480,1.31192,103.861807,2
98151,4b058818f964a520bbb122e3,Sun Feb 03 13:44:58 +0000 2013,480,1.319723,103.843696,8
87863,4b176970f964a52055c523e3,Mon Feb 04 11:21:06 +0000 2013,480,1.33282,103.913734,3
98151,4e0dad87a8099e152600c402,Mon Feb 04 11:48:28 +0000 2013,480,1.299413,103.85426,8
87863,4c384f3e93db0f474f592192,Tue Feb 05 10:35:49 +0000 2013,480,1.300524,103.854967,3
139680,4d05de808620224bf459b040,Tue Feb 05 10:59:11 +0000 2013,480,1.351021,103.872213,2
98151,4b2de4e9f964a520eedb24e3,Thu Feb 07 05:52:06 +0000 2013,480,1.352669,103.944064,8
98151,4d3ba207d2c8f04dc0765a72,Thu Feb 07 10:23:33 +0000 2013,480,1.339414,103.847607,8
98151,4b9dcc3cf964a52033be36e3,Thu Feb 07 13:56:50 +0000 2013,480,1.303184,103.834877,8
58421,4b5da988f964a520ae6529e3,Fri Feb 08 06:43:08 +0000 2013,480,1.350678,103.87275,5
87863,4cb6db7b589f236a324e3a3d,Mon Feb 11 07:51:14 +0000 2013,480,1.375905,103.955598,3
87863,4ff02e96e4b0581584680744,Mon Feb 11 07:52:24 +0000 2013,480,1.375728,103.955474,3
87863,4b058816f964a520f0b022e3,Tue Feb 12 06:42:27 +0000 2013,480,1.352775,103.944939,3
87863,4bb9c1a6935e9521d3512790,Wed Feb 13 09:13:58 +0000 2013,480,1.299129,103.855391,3
87863,4bccf0b6b6c49c74cfb89491,Wed Feb 13 23:42:21 +0000 2013,480,1.337845,103.927176,3
58421,4b058814f964a52087b022e3,Thu Feb 14 08:39:38 +0000 2013,480,1.298915,103.847644,5
58421,5030bc2de4b0bf3e6aab1f5a,Thu Feb 14 08:40:04 +0000 2013,480,1.298965,103.847715,5
87863,4b058816f964a520f0b022e3,Thu Feb 14 09:46:10 +0000 2013,480,1.352775,103.944939,3
87863,4b7a9255f964a520b1312fe3,Thu Feb 14 09:46:24 +0000 2013,480,1.352427,103.945395,3
87863,4b058814f964a5207fb022e3,Thu Feb 14 11:08:02 +0000 2013,480,1.352502,103.944901,3
139680,4b56f39bf964a520662028e3,Thu Feb 14 12:04:47 +0000 2013,480,1.322774,103.814599,2
98151,4e8f1329dab454671ef8d0a6,Sat Feb 16 15:48:52 +0000 2013,480,1.292022,103.859208,8
139680,4b058819f964a520dbb122e3,Sat Feb 16 18:04:12 +0000 2013,480,1.31052,103.846765,2
98151,4b0a0deaf964a5205e2123e3,Tue Feb 19 15:47:21 +0000 2013,480,1.317621,103.843997,8
87863,4c21779f11de20a1177883ce,Thu Feb 21 11:39:46 +0000 2013,480,1.331763,103.909155,3
98151,4b47fd3ff964a520d74526e3,Tue Feb 26 01:43:32 +0000 2013,480,1.319788,103.843825,8
87863,4b51a468f964a520825127e3,Tue Feb 26 07:55:54 +0000 2013,480,1.302701,103.906154,3
87863,4cb6db7b589f236a324e3a3d,Thu Feb 28 10:33:42 +0000 2013,480,1.375905,103.955598,3
87863,4b91eae0f964a5205adf33e3,Thu Feb 28 10:40:26 +0000 2013,480,1.375508,103.954409,3
98151,4b0a0deaf964a5205e2123e3,Thu Feb 28 11:40:24 +0000 2013,480,1.317621,103.843997,8
87863,4b077a2cf964a520fdfd22e3,Tue Mar 05 09:18:15 +0000 2013,480,1.372495,103.893714,3
98151,4b05880ef964a520d6ae22e3,Tue Mar 05 11:32:12 +0000 2013,480,1.28984,103.845005,8
98151,4c74dcb7ff1fb60cf898f4a7,Tue Mar 05 12:04:53 +0000 2013,480,1.29057,103.845005,8
98151,4b0a71d7f964a5201a2423e3,Thu Mar 07 11:22:31 +0000 2013,480,1.301097,103.836868,8
87863,4b095021f964a520931523e3,Thu Mar 07 11:41:03 +0000 2013,480,1.331806,103.938636,3
129438,4f28c34fe4b018705239daff,Fri Mar 08 11:43:09 +0000 2013,480,1.338688,103.886406,6
87863,4b70020df964a5202d032de3,Fri Mar 08 12:16:07 +0000 2013,480,1.306809,103.93472,3
87863,4bec2a8561aca593cae38500,Fri Mar 08 14:03:49 +0000 2013,480,1.305114,103.927402,3
87863,4b24679bf964a520276724e3,Fri Mar 08 15:57:09 +0000 2013,480,1.305618,103.904982,3
129438,4cdc21e9cea2224b637f894c,Sun Mar 10 08:12:56 +0000 2013,480,1.283009,103.858954,6
139680,4c1506777f7f2d7f7ab8e168,Sun Mar 10 09:42:53 +0000 2013,480,1.319558,103.938846,2
98151,4bb9c1a6935e9521d3512790,Sun Mar 10 09:47:59 +0000 2013,480,1.299129,103.855391,8
213352,50815727e4b0073ffa3dc5aa,Wed Mar 13 19:57:37 +0000 2013,480,1.290587,103.84545,1
98151,4b0b5fb4f964a520ef3023e3,Thu Mar 14 07:58:02 +0000 2013,480,1.278428,103.839437,8
98151,4f0685288231be292400b35d,Thu Mar 14 12:51:19 +0000 2013,480,1.298647,103.854135,8
98151,4ba8dfb1f964a52002f639e3,Thu Mar 14 18:56:06 +0000 2013,480,1.323991,103.851769,8
87863,4dc2a81bb0fb490416b3ce96,Fri Mar 15 02:30:15 +0000 2013,480,1.216229,103.825961,3
201784,50da98efe4b00d6439c4758b,Fri Mar 15 04:02:23 +0000 2013,480,1.275651,103.846803,0
201784,4b586667f964a520065628e3,Sat Mar 16 11:46:36 +0000 2013,480,1.373074,103.932102,0
87863,4b2de4e9f964a520eedb24e3,Sun Mar 17 07:01:50 +0000 2013,480,1.352669,103.944064,3
129438,4b058815f964a520afb022e3,Sun Mar 17 07:24:19 +0000 2013,480,1.300304,103.844887,6
58421,4b62d8caf964a52043552ae3,Sun Mar 17 10:44:14 +0000 2013,480,1.314367,103.888539,5
87863,4b058814f964a5209bb022e3,Mon Mar 18 07:04:37 +0000 2013,480,1.307174,103.833139,3
98151,4c775cda93faa093a2c5f0fb,Mon Mar 18 13:52:31 +0000 2013,480,1.301253,103.837023,8
201784,4ec4a1b1e5fa74ea530619fc,Fri Mar 22 11:08:31 +0000 2013,480,1.30638,103.789322,0
201784,503418aae8891ec5940d9144,Fri Mar 22 11:52:55 +0000 2013,480,1.306873,103.788443,0
87863,5084c3dce4b0ba1a32e97df1,Sun Mar 24 04:49:58 +0000 2013,480,1.313187,103.927748,3
87863,4b9dcc3cf964a52033be36e3,Sun Mar 24 07:03:48 +0000 2013,480,1.303184,103.834877,3
87863,4c775cda93faa093a2c5f0fb,Sun Mar 24 07:48:22 +0000 2013,480,1.301253,103.837023,3
201784,4ec4a1b1e5fa74ea530619fc,Mon Mar 25 09:49:04 +0000 2013,480,1.30638,103.789322,0
87863,4b058816f964a520f0b022e3,Tue Mar 26 07:56:01 +0000 2013,480,1.352775,103.944939,3
98151,514341cbe4b0abca5d7d2250,Wed Mar 27 15:01:20 +0000 2013,480,1.290928,103.845716,8
58421,4ccd8582c9b846888169c3c3,Thu Mar 28 12:30:16 +0000 2013,480,1.350012,103.93807,5
129438,4b058819f964a520dcb122e3,Fri Mar 29 08:04:32 +0000 2013,480,1.333495,103.959503,6
98734,4d1983accc216ea8161e7ed3,Fri Mar 29 08:18:53 +0000 2013,480,1.353711,103.943559,7
87863,4b0cc7baf964a520cc4123e3,Fri Mar 29 10:02:17 +0000 2013,480,1.301392,103.905467,3
98151,4b058818f964a520bbb122e3,Fri Mar 29 12:06:14 +0000 2013,480,1.319723,103.843696,8
129438,503418aae8891ec5940d9144,Fri Mar 29 12:15:32 +0000 2013,480,1.306873,103.788443,6
98151,4be2d629b02ec9b63cc94dc0,Fri Mar 29 21:42:41 +0000 2013,480,1.314423,103.878296,8
98151,4c469e2389a6c9b68cc99788,Sat Mar 30 03:52:59 +0000 2013,480,1.309982,103.861755,8
201784,4b058818f964a520b9b122e3,Sat Mar 30 05:52:13 +0000 2013,480,1.342666,103.953087,0
201784,4bf7e2ffabdaef3b7892a184,Sat Mar 30 10:58:24 +0000 2013,480,1.299235,103.856553,0
98151,4e8f1329dab454671ef8d0a6,Sat Mar 30 20:44:27 +0000 2013,480,1.292022,103.859208,8
129438,4b058816f964a520f0b022e3,Sun Mar 31 06:19:16 +0000 2013,480,1.352775,103.944939,6
129438,4b1dbdd6f964a520b31424e3,Mon Apr 01 11:41:54 +0000 2013,480,1.361683,103.886746,6
87863,4b058816f964a520f0b022e3,Wed Apr 03 08:16:23 +0000 2013,480,1.352775,103.944939,3
129438,4b1dbdb7f964a520b01424e3,Fri Apr 05 12:51:58 +0000 2013,480,1.372137,103.8937,6
58421,4b08e700f964a520421323e3,Sat Apr 06 09:20:00 +0000 2013,480,1.304783,103.831938,5
201784,4b058812f964a520f1af22e3,Sun Apr 07 11:07:39 +0000 2013,480,1.311626,103.794614,0
129438,4baed41bf964a52065db3be3,Sun Apr 07 11:13:04 +0000 2013,480,1.315639,103.898101,6
129438,4b6447d2f964a5200fa82ae3,Sun Apr 07 12:19:50 +0000 2013,480,1.297851,103.856553,6
98151,4f6bf0dfe4b0541c6001a1b5,Sun Apr 07 15:04:50 +0000 2013,480,1.300909,103.836041,8
201784,4c10d666ce640f47387b3a52,Tue Apr 09 06:40:16 +0000 2013,480,1.304021,103.809762,0
201784,4b1baa07f964a52084fc23e3,Tue Apr 09 13:26:31 +0000 2013,480,1.35617,103.987033,0
98151,4b9dd30af964a52030bf36e3,Thu Apr 11 10:24:37 +0000 2013,480,1.30205,103.84977,8
98151,4b058814f964a5209bb022e3,Thu Apr 11 11:50:28 +0000 2013,480,1.307174,103.833139,8
98151,4c775cda93faa093a2c5f0fb,Thu Apr 11 14:15:57 +0000 2013,480,1.301253,103.837023,8
98151,4e8f1329dab454671ef8d0a6,Fri Apr 12 21:13:29 +0000 2013,480,1.292022,103.859208,8
98151,4d3ba207d2c8f04dc0765a72,Wed Apr 17 09:21:36 +0000 2013,480,1.339414,103.847607,8
98151,4e8f1329dab454671ef8d0a6,Wed Apr 17 15:39:16 +0000 2013,480,1.292022,103.859208,8
98151,4b9dd30af964a52030bf36e3,Fri Apr 19 10:47:55 +0000 2013,480,1.30205,103.84977,8
98151,514341cbe4b0abca5d7d2250,Fri Apr 19 14:59:00 +0000 2013,480,1.290928,103.845716,8
129438,4ca2dec61ee76dcb147cf4dd,Fri Apr 26 07:41:34 +0000 2013,480,1.284548,103.842461,6
98151,4e8f1329dab454671ef8d0a6,Sat Apr 27 20:20:19 +0000 2013,480,1.292022,103.859208,8
87863,4c8e0b80d2aea093c7aaca69,Tue Apr 30 04:54:05 +0000 2013,480,1.320408,103.902179,3
98151,514341cbe4b0abca5d7d2250,Tue Apr 30 19:15:22 +0000 2013,480,1.290928,103.845716,8
129438,4b09e0a5f964a520111f23e3,Wed May 01 06:43:49 +0000 2013,480,1.282785,103.844001,6
129438,4bd3f2f577b29c74edfa9182,Wed May 01 09:26:38 +0000 2013,480,1.283497,103.843242,6
87863,4d8361885ad3a093ee3eb9fd,Wed May 01 11:08:10 +0000 2013,480,1.383306,103.946435,3
98151,4bac8a81f964a52022fa3ae3,Fri May 03 02:16:57 +0000 2013,480,1.302489,103.840406,8
87863,4fd44b32e4b0f0b2d50d735a,Sat May 04 10:33:20 +0000 2013,480,1.299863,103.853977,3
98151,514341cbe4b0abca5d7d2250,Sat May 04 16:13:12 +0000 2013,480,1.290928,103.845716,8
87863,4c384f3e93db0f474f592192,Wed May 08 08:17:08 +0000 2013,480,1.300524,103.854967,3
98151,514341cbe4b0abca5d7d2250,Wed May 08 15:29:44 +0000 2013,480,1.290928,103.845716,8
129438,4b05880af964a520aead22e3,Thu May 09 10:21:14 +0000 2013,480,1.298304,103.849345,6
98151,4bac8a81f964a52022fa3ae3,Fri May 10 03:17:13 +0000 2013,480,1.302489,103.840406,8
98151,4b4969b1f964a520606f26e3,Fri May 10 09:22:55 +0000 2013,480,1.305543,103.831573,8
129438,5104c999e4b01e27b4d2bbb8,Fri May 10 11:46:47 +0000 2013,480,1.286001,103.845043,6
129438,4c5c6d8d94fd0f47029ec845,Sat May 11 09:44:48 +0000 2013,480,1.257705,103.819449,6
87863,4b1baa07f964a52084fc23e3,Sat May 11 12:46:10 +0000 2013,480,1.35617,103.987033,3
87863,4b1baa07f964a52084fc23e3,Sun May 12 06:46:21 +0000 2013,480,1.35617,103.987033,3
213352,4d3d65f28edf37045b39b9a5,Mon May 13 03:47:39 +0000 2013,480,1.352374,103.943248,1
98151,507ff864498ef796572f4abf,Tue May 14 14:51:01 +0000 2013,480,1.290769,103.845422,8
98151,4bb610c81344b71318e99c04,Tue May 14 20:03:49 +0000 2013,480,1.308016,103.856927,8
98151,514341cbe4b0abca5d7d2250,Fri May 17 15:25:23 +0000 2013,480,1.290928,103.845716,8
139680,4b058814f964a5207fb022e3,Fri May 17 15:38:55 +0000 2013,480,1.352502,103.944901,2
139680,4cf0b3ddc9af6dcb77ca947f,Fri May 17 19:12:25 +0000 2013,480,1.379772,103.958038,2
98151,4e8f1329dab454671ef8d0a6,Fri May 17 20:23:09 +0000 2013,480,1.292022,103.859208,8
58421,4b5da988f964a520ae6529e3,Sat May 18 05:39:31 +0000 2013,480,1.350678,103.87275,5
129438,4b5da988f964a520ae6529e3,Sat May 18 06:58:40 +0000 2013,480,1.350678,103.87275,6
87863,4b3758eff964a520974025e3,Sat May 18 14:27:43 +0000 2013,480,1.331332,103.948075,3
129438,4c4afe10712ac92813fb456c,Sun May 19 11:42:04 +0000 2013,480,1.338248,103.849578,6
139680,4d5f172229ef236ad0979459,Thu May 23 10:10:45 +0000 2013,480,1.317993,103.892732,2
129438,4b07f6b3f964a520a10123e3,Thu May 23 11:20:33 +0000 2013,480,1.311234,103.856485,6
129438,50f91ef4e4b0d759bad5043d,Thu May 23 12:05:12 +0000 2013,480,1.311274,103.857,6
87863,4b058815f964a520afb022e3,Fri May 24 07:47:20 +0000 2013,480,1.300304,103.844887,3
139680,50b8bd75e4b0e9ecea250d97,Fri May 24 09:23:29 +0000 2013,480,1.31192,103.861807,2
139680,4b87e5b6f964a520b4d131e3,Fri May 24 13:26:23 +0000 2013,480,1.312172,103.860304,2
58421,4b077a2cf964a520fdfd22e3,Mon May 27 12:19:05 +0000 2013,480,1.372495,103.893714,5
129438,4b058814f964a5207fb022e3,Fri May 31 11:21:36 +0000 2013,480,1.352502,103.944901,6
98151,514341cbe4b0abca5d7d2250,Fri May 31 15:15:31 +0000 2013,480,1.290928,103.845716,8
139680,4cdd032bd549548190ef44b2,Fri May 31 15:50:25 +0000 2013,480,1.350452,103.872254,2
98151,4b9d16b1f964a520908e36e3,Mon Jun 03 06:27:40 +0000 2013,480,1.334976,103.858738,8
87863,4c853176ee6fef3bd6893a5c,Mon Jun 03 08:56:49 +0000 2013,480,1.315068,103.764753,3
129438,50daf1f0e4b025ae087e56ea,Thu Jun 06 09:49:14 +0000 2013,480,1.302019,103.90543,6
87863,4b058815f964a520afb022e3,Fri Jun 07 10:41:03 +0000 2013,480,1.300304,103.844887,3
129438,4c2c3a9817a29c74aeb2e212,Fri Jun 07 12:16:11 +0000 2013,480,1.332447,103.848264,6
98151,4c160cf377cea5934602d360,Fri Jun 07 12:48:49 +0000 2013,480,1.302283,103.836851,8
98151,4b05880cf964a5200eae22e3,Fri Jun 07 17:33:05 +0000 2013,480,1.291117,103.834866,8
129438,4cc42f489eeab71310e9df40,Sat Jun 08 12:00:55 +0000 2013,480,1.283598,103.853545,6
139680,4b07f6b3f964a520a10123e3,Sat Jun 08 12:41:02 +0000 2013,480,1.311234,103.856485,2
129438,4bda5c9b63c5c9b651e92368,Sun Jun 09 04:08:34 +0000 2013,480,1.245719,103.827527,6
129438,4d2534e1b9796dcbd9caa639,Sun Jun 09 07:39:54 +0000 2013,480,1.25631,103.820897,6
98151,514341cbe4b0abca5d7d2250,Fri Jun 14 15:53:36 +0000 2013,480,1.290928,103.845716,8
129438,4bec2a8561aca593cae38500,Wed Jun 26 09:06:00 +0000 2013,480,1.305114,103.927402,6
87863,4c6b9ad51fb2a1431ebcf9e6,Mon Jul 01 08:08:00 +0000 2013,480,1.354033,103.945117,3
139680,4b5da988f964a520ae6529e3,Mon Jul 01 11:46:27 +0000 2013,480,1.350678,103.87275,2
129438,4cf5eb4581cd6dcb5871780d,Fri Jul 05 10:45:49 +0000 2013,480,1.350924,103.872487,6
139680,4b7f6ffcf964a5209e2e30e3,Fri Jul 05 13:02:45 +0000 2013,480,1.361218,103.886287,2
139680,4b59c37ef964a520c59628e3,Fri Jul 12 19:07:21 +0000 2013,480,1.288639,103.842773,2
129438,4b095021f964a520931523e3,Sat Jul 13 11:30:33 +0000 2013,480,1.331806,103.938636,6
98151,514341cbe4b0abca5d7d2250,Sat Jul 13 15:09:47 +0000 2013,480,1.290928,103.845716,8
87863,4b058814f964a52087b022e3,Sun Jul 14 07:30:26 +0000 2013,480,1.298915,103.847644,3
129438,4c480b2d3194b71312369a13,Sun Jul 14 09:03:29 +0000 2013,480,1.279234,103.843225,6
213352,4bc44c65abf4952126cfc493,Wed Jul 17 11:14:11 +0000 2013,480,1.359311,103.888416,1
98151,514341cbe4b0abca5d7d2250,Wed Jul 17 17:54:23 +0000 2013,480,1.290928,103.845716,8
139680,4b1e7356f964a5201f1a24e3,Fri Jul 19 14:13:59 +0000 2013,480,1.312151,103.83949,2
98151,514341cbe4b0abca5d7d2250,Fri Jul 19 14:50:51 +0000 2013,480,1.290928,103.845716,8
139680,4b59c37ef964a520c59628e3,Fri Jul 19 18:03:07 +0000 2013,480,1.288639,103.842773,2
139680,50ae28fde4b0062752d48b38,Sat Jul 20 04:28:26 +0000 2013,480,1.289379,103.84583,2
87863,4b3ea610f964a5204ea025e3,Sat Jul 20 07:48:27 +0000 2013,480,1.354271,103.959979,3
98151,4be791aaee96c928eb2dfdbf,Thu Jul 25 12:57:55 +0000 2013,480,1.321139,103.844104,8
139680,50b8bd75e4b0e9ecea250d97,Fri Jul 26 12:25:24 +0000 2013,480,1.31192,103.861807,2
139680,4b09ee1af964a520ed1f23e3,Fri Jul 26 13:14:29 +0000 2013,480,1.303087,103.863899,2
213352,506efda1e4b0bb95515ed54c,Fri Jul 26 15:44:27 +0000 2013,480,1.265017,103.824952,1
98151,4bac8a81f964a52022fa3ae3,Mon Jul 29 06:19:04 +0000 2013,480,1.302489,103.840406,8
129438,4d02411a58245481330a4aac,Tue Jul 30 11:54:57 +0000 2013,480,1.350803,103.872769,6
129438,4d02411a58245481330a4aac,Tue Jul 30 12:15:47 +0000 2013,480,1.350803,103.872769,6
98151,514341cbe4b0abca5d7d2250,Wed Jul 31 14:38:53 +0000 2013,480,1.290928,103.845716,8
139680,4b289bf4f964a520379424e3,Sat Aug 03 08:31:09 +0000 2013,480,1.264827,103.820141,2
139680,4b174528f964a52068c423e3,Sat Aug 03 10:14:37 +0000 2013,480,1.263741,103.82271,2
139680,4b058814f964a52087b022e3,Thu Aug 08 12:54:33 +0000 2013,480,1.298915,103.847644,2
139680,515fe437e4b0d9eb0906b635,Thu Aug 08 13:17:12 +0000 2013,480,1.30121,103.847828,2
87863,4b058816f964a520f0b022e3,Fri Aug 09 09:10:23 +0000 2013,480,1.352775,103.944939,3
98151,514341cbe4b0abca5d7d2250,Fri Aug 09 16:21:39 +0000 2013,480,1.290928,103.845716,8
98151,4b1e7356f964a5201f1a24e3,Sat Aug 10 19:56:51 +0000 2013,480,1.312151,103.83949,8
98151,4b0a0deaf964a5205e2123e3,Tue Aug 20 13:40:53 +0000 2013,480,1.317621,103.843997,8
213352,4bab1a73f964a5202d953ae3,Wed Aug 21 10:27:57 +0000 2013,480,1.304134,103.833041,1
213352,4e8f1329dab454671ef8d0a6,Wed Aug 21 16:37:34 +0000 2013,480,1.292022,103.859208,1
213352,4cdd032bd549548190ef44b2,Thu Aug 22 08:49:53 +0000 2013,480,1.350452,103.872254,1
201784,4b6039eaf964a520d4da29e3,Thu Aug 22 11:52:02 +0000 2013,480,1.286043,103.854275,0
129438,4b5da988f964a520ae6529e3,Thu Aug 22 13:04:04 +0000 2013,480,1.350678,103.87275,6
129438,4bb9c1a6935e9521d3512790,Fri Aug 23 10:18:30 +0000 2013,480,1.299129,103.855391,6
87863,4b24679bf964a520276724e3,Sun Aug 25 05:09:58 +0000 2013,480,1.305618,103.904982,3
129438,4be2a9f5b02ec9b655554dc0,Sun Aug 25 12:12:57 +0000 2013,480,1.333613,103.849994,6
129438,4e9fb0b46c258f17cb31f906,Sun Aug 25 12:46:20 +0000 2013,480,1.338161,103.844522,6
87863,4c5fd36e1e5cd13a3d58a0ed,Tue Aug 27 08:28:59 +0000 2013,480,1.284703,103.859704,3
213352,4b59c37ef964a520c59628e3,Thu Aug 29 19:00:01 +0000 2013,480,1.288639,103.842773,1
139680,4b058818f964a520a7b122e3,Fri Aug 30 09:18:27 +0000 2013,480,1.264939,103.821668,2
201784,4bf6658a9abec9b613af25e8,Fri Aug 30 12:05:52 +0000 2013,480,1.298387,103.85503,0
201784,4b058811f964a520a9af22e3,Fri Aug 30 12:41:19 +0000 2013,480,1.298701,103.854905,0
129438,4b1a2f12f964a52001e823e3,Sat Aug 31 10:43:48 +0000 2013,480,1.321737,103.825167,6
201784,4d02400c18ff8cfa98acc357,Mon Sep 02 04:07:24 +0000 2013,480,1.350356,103.872368,0
98151,4bac8a81f964a52022fa3ae3,Mon Sep 02 07:11:09 +0000 2013,480,1.302489,103.840406,8
98151,4bac8a81f964a52022fa3ae3,Tue Sep 03 07:18:40 +0000 2013,480,1.302489,103.840406,8
213352,4de0f51aae605835c45fb2cd,Wed Sep 04 05:56:54 +0000 2013,480,1.350675,103.871969,1
129438,4baeee64f964a52089e23be3,Thu Sep 05 10:11:03 +0000 2013,480,1.294131,103.858759,6
98151,4e8f1329dab454671ef8d0a6,Fri Sep 06 15:03:36 +0000 2013,480,1.292022,103.859208,8
98151,514341cbe4b0abca5d7d2250,Fri Sep 06 17:29:30 +0000 2013,480,1.290928,103.845716,8
139680,4b586667f964a520065628e3,Sat Sep 07 11:39:39 +0000 2013,480,1.373074,103.932102,2
98151,50815727e4b0073ffa3dc5aa,Tue Sep 10 15:34:37 +0000 2013,480,1.290587,103.84545,8
213352,512600d2e4b0f6eb7c52201c,Fri Sep 13 19:04:39 +0000 2013,480,1.307223,103.827873,1
139680,4b88ae7cf964a520680832e3,Sat Sep 14 12:52:43 +0000 2013,480,1.330714,103.854283,2
213352,4ec3b8d246903b51c41a6bdd,Sat Sep 14 19:08:21 +0000 2013,480,1.279608,103.842325,1
98151,51021540e4b02b0ca5ba23b1,Sun Sep 15 14:19:23 +0000 2013,480,1.305386,103.896335,8
