user_id,input_checkins,output_interactions,output_views,output_transactions,output_reviews,input_unique_pois,output_unique_pois,interaction_diff,poi_diff
21418,30,30,28,1,1,28,28,0,0
49530,87,87,53,22,12,39,39,0,0
82310,48,48,38,6,4,30,30,0,0
56776,121,121,83,26,12,65,65,0,0
105049,10,10,8,1,1,8,8,0,0
174198,41,41,34,5,2,30,30,0,0
203821,69,69,44,18,7,23,23,0,0
64094,10,10,8,1,1,8,8,0,0
24592,78,78,44,18,16,23,23,0,0
259148,30,30,27,2,1,27,27,0,0
201191,16,16,13,2,1,13,13,0,0
259167,7,7,5,1,1,7,7,0,0
7532,161,161,105,36,20,69,69,0,0
198384,20,20,15,3,2,12,12,0,0
221167,42,42,32,8,2,27,27,0,0
47580,62,62,46,11,5,37,37,0,0
4876,85,85,60,17,8,43,43,0,0
22634,87,87,58,20,9,40,40,0,0
1865,90,90,73,15,2,73,73,0,0
67694,36,36,30,4,2,30,30,0,0
12830,120,120,73,33,14,23,23,0,0
106250,31,31,20,8,3,5,5,0,0
33177,66,66,42,16,8,19,19,0,0
10351,75,75,47,19,9,16,16,0,0
13904,137,137,105,22,10,80,80,0,0
4029,344,344,203,83,58,83,83,0,0
30666,138,138,123,11,4,118,118,0,0
10887,20,20,13,4,3,8,8,0,0
84027,67,67,45,15,7,32,32,0,0
50817,94,94,62,24,8,50,50,0,0
4215,109,109,71,26,12,31,31,0,0
60853,91,91,57,23,11,23,23,0,0
244491,30,30,27,2,1,25,25,0,0
377,639,639,418,146,75,201,201,0,0
2391,357,357,222,93,42,90,90,0,0
218184,39,39,27,8,4,13,13,0,0
37636,73,73,52,15,6,41,41,0,0
204008,77,77,46,22,9,5,5,0,0
227594,43,43,41,1,1,39,39,0,0
215286,38,38,28,6,4,24,24,0,0
82417,55,55,34,13,8,17,17,0,0
42910,19,19,16,2,1,14,14,0,0
117085,69,69,57,11,1,57,57,0,0
221155,9,9,7,1,1,9,9,0,0
198613,53,53,45,6,2,44,44,0,0
119692,56,56,51,3,2,49,49,0,0
48739,88,88,59,20,9,32,32,0,0
118368,80,80,75,4,1,75,75,0,0
193361,15,15,12,2,1,14,14,0,0
53467,50,50,40,9,1,40,40,0,0
101860,60,60,44,12,4,41,41,0,0
467,243,243,189,38,16,167,167,0,0
437,114,114,79,21,14,53,53,0,0
75687,88,88,64,16,8,49,49,0,0
14144,153,153,106,28,19,81,81,0,0
68967,35,35,27,6,2,27,27,0,0
11063,136,136,106,21,9,88,88,0,0
161755,20,20,15,3,2,14,14,0,0
112117,34,34,31,2,1,31,31,0,0
41964,43,43,37,4,2,36,36,0,0
16510,80,80,53,18,9,34,34,0,0
174351,33,33,29,3,1,29,29,0,0
255497,36,36,32,3,1,32,32,0,0
178865,50,50,45,4,1,45,45,0,0
4978,131,131,85,33,13,48,48,0,0
196036,58,58,53,4,1,53,53,0,0
46405,29,29,25,3,1,24,24,0,0
48815,91,91,64,19,8,59,59,0,0
77805,83,83,72,9,2,72,72,0,0
7973,68,68,50,11,7,44,44,0,0
53042,69,69,60,8,1,58,58,0,0
150435,47,47,39,5,3,37,37,0,0
71476,72,72,51,14,7,27,27,0,0
4047,135,135,88,27,20,58,58,0,0
77081,55,55,43,9,3,36,36,0,0
218177,41,41,32,7,2,27,27,0,0
109825,85,85,67,13,5,59,59,0,0
7179,110,110,88,16,6,84,84,0,0
86536,43,43,37,5,1,37,37,0,0
224441,29,29,26,2,1,28,28,0,0
72795,53,53,45,6,2,45,45,0,0
117078,25,25,19,3,3,16,16,0,0
19030,29,29,25,3,1,24,24,0,0
91049,41,41,36,4,1,36,36,0,0
117088,89,89,66,18,5,59,59,0,0
185934,36,36,30,4,2,30,30,0,0
34662,38,38,32,4,2,31,31,0,0
145144,64,64,45,14,5,21,21,0,0
36819,131,131,90,29,12,48,48,0,0
15439,55,55,41,9,5,40,40,0,0
138623,23,23,17,5,1,12,12,0,0
206604,38,38,29,6,3,28,28,0,0
125208,69,69,48,14,7,28,28,0,0
157878,43,43,33,7,3,28,28,0,0
240909,53,53,36,10,7,26,26,0,0
99693,26,26,21,4,1,20,20,0,0
84885,57,57,40,10,7,36,36,0,0
44304,68,68,52,11,5,47,47,0,0
99784,41,41,32,7,2,32,32,0,0
190754,23,23,18,4,1,18,18,0,0
41936,89,89,62,16,11,42,42,0,0
40055,47,47,34,9,4,28,28,0,0
121067,55,55,46,6,3,45,45,0,0
87480,26,26,24,1,1,24,24,0,0
102900,55,55,41,8,6,38,38,0,0
24939,187,187,135,34,18,96,96,0,0
198649,23,23,15,4,4,9,9,0,0
92890,45,45,35,8,2,35,35,0,0
85692,21,21,18,2,1,20,20,0,0
95750,44,44,33,8,3,31,31,0,0
263258,47,47,43,3,1,43,43,0,0
50042,70,70,51,12,7,45,45,0,0
68331,79,79,57,17,5,48,48,0,0
172138,22,22,20,1,1,22,22,0,0
255389,21,21,19,1,1,19,19,0,0
167825,7,7,4,2,1,6,6,0,0
50828,47,47,38,8,1,35,35,0,0
45019,70,70,57,12,1,56,56,0,0
13322,81,81,65,12,4,58,58,0,0
190717,65,65,51,10,4,37,37,0,0
33690,127,127,93,22,12,77,77,0,0
77808,29,29,23,4,2,22,22,0,0
12443,114,114,80,21,13,57,57,0,0
121082,44,44,37,5,2,37,37,0,0
26826,116,116,93,14,9,86,86,0,0
4678,150,150,105,30,15,73,73,0,0
412,226,226,138,55,33,63,63,0,0
123725,7,7,5,1,1,7,7,0,0
95766,59,59,43,12,4,38,38,0,0
91002,14,14,12,1,1,14,14,0,0
65914,26,26,20,4,2,20,20,0,0
37027,32,32,26,5,1,26,26,0,0
51280,45,45,31,10,4,26,26,0,0
22080,195,195,133,42,20,91,91,0,0
72021,40,40,28,8,4,16,16,0,0
84064,49,49,33,10,6,28,28,0,0
19503,101,101,67,22,12,48,48,0,0
126532,46,46,27,11,8,8,8,0,0
67113,49,49,36,9,4,28,28,0,0
95782,23,23,21,1,1,21,21,0,0
37970,86,86,57,20,9,43,43,0,0
209590,43,43,31,10,2,30,30,0,0
2768,123,123,84,23,16,59,59,0,0
77124,121,121,80,28,13,67,67,0,0
51697,46,46,36,7,3,34,34,0,0
83156,41,41,36,4,1,35,35,0,0
122331,41,41,36,4,1,36,36,0,0
3797,111,111,72,25,14,47,47,0,0
172258,24,24,21,2,1,21,21,0,0
11915,80,80,60,12,8,49,49,0,0
145185,45,45,39,5,1,39,39,0,0
31086,94,94,64,21,9,56,56,0,0
29651,114,114,78,24,12,66,66,0,0
46019,94,94,73,13,8,62,62,0,0
16222,28,28,17,6,5,10,10,0,0
104049,39,39,29,6,4,24,24,0,0
125255,51,51,39,7,5,33,33,0,0
132372,47,47,41,5,1,38,38,0,0
237604,29,29,18,7,4,15,15,0,0
255602,32,32,27,4,1,27,27,0,0
237442,20,20,17,2,1,17,17,0,0
263321,34,34,26,5,3,23,23,0,0
83280,43,43,35,6,2,35,35,0,0
55363,96,96,73,14,9,65,65,0,0
145197,62,62,47,9,6,40,40,0,0
4095,14,14,12,1,1,12,12,0,0
56334,54,54,45,7,2,45,45,0,0
89325,52,52,36,9,7,26,26,0,0
14388,89,89,70,14,5,70,70,0,0
38520,138,138,100,27,11,61,61,0,0
1054,138,138,107,20,11,84,84,0,0
221402,61,61,47,10,4,42,42,0,0
19261,25,25,19,4,2,18,18,0,0
99819,70,70,62,7,1,61,61,0,0
234251,31,31,28,2,1,28,28,0,0
3785,273,273,165,73,35,58,58,0,0
100781,42,42,39,2,1,39,39,0,0
138603,63,63,60,2,1,62,62,0,0
84093,117,117,97,13,7,92,92,0,0
23222,153,153,107,32,14,96,96,0,0
121116,84,84,57,19,8,27,27,0,0
20633,129,129,95,23,11,85,85,0,0
96788,34,34,31,2,1,31,31,0,0
10194,143,143,105,28,10,97,97,0,0
64208,36,36,27,8,1,27,27,0,0
185935,69,69,58,10,1,58,58,0,0
10071,150,150,99,33,18,73,73,0,0
201311,21,21,18,2,1,20,20,0,0
156078,29,29,27,1,1,27,27,0,0
26489,31,31,23,6,2,22,22,0,0
54926,82,82,73,7,2,71,71,0,0
141931,17,17,12,4,1,11,11,0,0
150427,61,61,55,5,1,55,55,0,0
248,475,475,331,92,52,264,264,0,0
20504,155,155,120,24,11,112,112,0,0
255636,16,16,14,1,1,16,16,0,0
221362,34,34,24,6,4,21,21,0,0
54415,23,23,21,1,1,21,21,0,0
106370,91,91,81,8,2,81,81,0,0
74283,69,69,58,7,4,50,50,0,0
170161,66,66,51,12,3,49,49,0,0
145229,42,42,34,7,1,34,34,0,0
82433,56,56,46,8,2,46,46,0,0
150528,66,66,57,8,1,57,57,0,0
59403,108,108,81,19,8,72,72,0,0
170166,37,37,31,4,2,30,30,0,0
4860,148,148,105,31,12,64,64,0,0
218355,9,9,7,1,1,9,9,0,0
15783,113,113,100,12,1,100,100,0,0
4400,159,159,119,27,13,103,103,0,0
88356,54,54,40,10,4,27,27,0,0
42943,106,106,101,4,1,101,101,0,0
21942,75,75,53,14,8,46,46,0,0
215458,22,22,18,3,1,15,15,0,0
115804,18,18,16,1,1,16,16,0,0
80836,61,61,48,9,4,46,46,0,0
78498,58,58,44,9,5,35,35,0,0
21292,27,27,21,3,3,21,21,0,0
100835,80,80,63,14,3,62,62,0,0
128076,45,45,38,5,2,36,36,0,0
105124,34,34,27,6,1,27,27,0,0
56351,125,125,101,17,7,92,92,0,0
141950,28,28,24,3,1,24,24,0,0
2746,152,152,107,29,16,103,103,0,0
32251,28,28,24,3,1,24,24,0,0
212239,11,11,9,1,1,8,8,0,0
55371,110,110,87,18,5,80,80,0,0
8173,136,136,105,22,9,95,95,0,0
237691,37,37,29,6,2,27,27,0,0
157991,85,85,59,19,7,31,31,0,0
154286,37,37,29,7,1,29,29,0,0
52987,25,25,22,2,1,22,22,0,0
78426,81,81,59,15,7,40,40,0,0
2126,253,253,197,42,14,163,163,0,0
73,1166,1166,781,254,131,503,503,0,0
39404,30,30,26,3,1,23,23,0,0
231043,23,23,19,3,1,18,18,0,0
251944,34,34,26,3,5,21,21,0,0
16,519,519,323,132,64,115,115,0,0
146995,53,53,48,4,1,46,46,0,0
241154,6,6,4,1,1,6,6,0,0
10672,32,32,26,5,1,26,26,0,0
11431,141,141,91,30,20,58,58,0,0
174532,36,36,34,1,1,34,34,0,0
27201,81,81,67,13,1,67,67,0,0
174534,31,31,24,3,4,20,20,0,0
113460,81,81,66,10,5,63,63,0,0
263427,31,31,29,1,1,29,29,0,0
227689,25,25,22,2,1,24,24,0,0
31561,120,120,86,24,10,74,74,0,0
30892,196,196,122,49,25,44,44,0,0
93919,78,78,61,12,5,58,58,0,0
13554,131,131,91,26,14,73,73,0,0
98846,89,89,71,13,5,65,65,0,0
22906,95,95,86,7,2,83,83,0,0
241179,35,35,27,5,3,22,22,0,0
26471,96,96,64,20,12,49,49,0,0
224644,63,63,44,15,4,31,31,0,0
94860,109,109,71,22,16,53,53,0,0
67789,121,121,79,28,14,39,39,0,0
51236,79,79,62,13,4,58,58,0,0
109775,30,30,22,6,2,15,15,0,0
41640,121,121,93,21,7,83,83,0,0
34376,48,48,30,11,7,23,23,0,0
234374,35,35,26,6,3,20,20,0,0
150541,54,54,47,6,1,47,47,0,0
147028,41,41,35,4,2,35,35,0,0
70870,77,77,53,18,6,44,44,0,0
59831,51,51,39,7,5,33,33,0,0
8796,115,115,99,12,4,94,94,0,0
78501,70,70,55,10,5,48,48,0,0
176806,46,46,34,8,4,29,29,0,0
44312,57,57,38,12,7,26,26,0,0
126,254,254,163,63,28,92,92,0,0
118349,39,39,26,9,4,26,26,0,0
38192,30,30,21,6,3,15,15,0,0
9446,196,196,130,46,20,60,60,0,0
36060,80,80,59,13,8,50,50,0,0
47967,94,94,76,12,6,70,70,0,0
25462,86,86,65,17,4,62,62,0,0
5607,13,13,11,1,1,9,9,0,0
8273,119,119,103,12,4,99,99,0,0
121213,82,82,67,10,5,60,60,0,0
23679,101,101,70,20,11,60,60,0,0
204298,30,30,23,4,3,21,21,0,0
126525,31,31,24,5,2,24,24,0,0
2317,141,141,102,27,12,92,92,0,0
172431,69,69,55,12,2,54,54,0,0
143,547,547,368,122,57,225,225,0,0
78571,82,82,70,9,3,69,69,0,0
34492,60,60,54,5,1,54,54,0,0
12764,74,74,54,14,6,45,45,0,0
128194,24,24,19,4,1,19,19,0,0
204095,37,37,32,4,1,32,32,0,0
67085,22,22,19,2,1,19,19,0,0
130907,29,29,23,4,2,23,23,0,0
29031,106,106,83,15,8,77,77,0,0
137248,61,61,43,12,6,29,29,0,0
63554,128,128,108,17,3,107,107,0,0
91183,82,82,56,17,9,45,45,0,0
40340,19,19,15,2,2,14,14,0,0
89399,72,72,57,12,3,52,52,0,0
63113,85,85,57,19,9,43,43,0,0
11922,115,115,85,21,9,80,80,0,0
81706,62,62,54,7,1,51,51,0,0
196302,34,34,31,2,1,31,31,0,0
212275,11,11,8,2,1,7,7,0,0
36271,60,60,53,6,1,53,53,0,0
58923,53,53,36,12,5,14,14,0,0
174642,35,35,30,4,1,30,30,0,0
154135,28,28,24,3,1,19,19,0,0
150491,18,18,15,1,2,13,13,0,0
201230,23,23,17,4,2,16,16,0,0
27760,25,25,17,5,3,16,16,0,0
140390,67,67,58,6,3,57,57,0,0
163814,59,59,53,5,1,53,53,0,0
94912,45,45,29,12,4,28,28,0,0
107530,50,50,43,5,2,42,42,0,0
27989,58,58,38,13,7,27,27,0,0
29055,172,172,119,33,20,76,76,0,0
164055,31,31,28,2,1,28,28,0,0
123770,11,11,8,2,1,10,10,0,0
150404,15,15,13,1,1,15,15,0,0
64258,89,89,68,14,7,60,60,0,0
19031,62,62,41,14,7,17,17,0,0
74343,38,38,27,7,4,23,23,0,0
188471,49,49,39,6,4,37,37,0,0
154420,74,74,61,10,3,60,60,0,0
112206,49,49,46,2,1,46,46,0,0
2820,15,15,13,1,1,15,15,0,0
227953,38,38,36,1,1,36,36,0,0
186243,21,21,19,1,1,19,19,0,0
193368,60,60,51,8,1,51,51,0,0
27362,51,51,40,6,5,40,40,0,0
34497,173,173,113,34,26,76,76,0,0
37378,178,178,121,37,20,86,86,0,0
157990,22,22,18,3,1,17,17,0,0
96714,29,29,20,7,2,19,19,0,0
47295,55,55,36,14,5,30,30,0,0
76342,15,15,9,4,2,9,9,0,0
23992,67,67,60,6,1,59,59,0,0
132329,57,57,41,9,7,31,31,0,0
123988,35,35,29,4,2,27,27,0,0
224175,39,39,25,9,5,10,10,0,0
75820,85,85,60,18,7,55,55,0,0
114754,55,55,43,10,2,39,39,0,0
212484,28,28,25,2,1,24,24,0,0
168228,43,43,34,5,4,31,31,0,0
15098,105,105,79,16,10,64,64,0,0
176906,60,60,48,8,4,48,48,0,0
4441,78,78,50,16,12,36,36,0,0
310,179,179,125,39,15,101,101,0,0
888,34,34,24,6,4,17,17,0,0
34229,74,74,52,14,8,40,40,0,0
23686,140,140,113,19,8,104,104,0,0
51288,50,50,38,9,3,23,23,0,0
75741,26,26,18,5,3,12,12,0,0
48070,43,43,31,7,5,20,20,0,0
18246,71,71,61,6,4,60,60,0,0
85783,64,64,49,10,5,43,43,0,0
2062,40,40,31,6,3,30,30,0,0
174465,42,42,32,7,3,31,31,0,0
128235,45,45,36,7,2,34,34,0,0
183893,37,37,35,1,1,35,35,0,0
72908,65,65,58,5,2,56,56,0,0
193721,39,39,34,4,1,33,33,0,0
10957,27,27,25,1,1,25,25,0,0
76266,59,59,44,10,5,29,29,0,0
140431,26,26,20,5,1,20,20,0,0
28443,93,93,65,20,8,51,51,0,0
67708,79,79,69,9,1,69,69,0,0
227585,13,13,11,1,1,11,11,0,0
162054,30,30,27,2,1,26,26,0,0
56295,60,60,50,7,3,42,42,0,0
166153,48,48,40,5,3,39,39,0,0
23519,163,163,115,32,16,100,100,0,0
198469,6,6,4,1,1,4,4,0,0
108848,113,113,78,24,11,54,54,0,0
125224,28,28,20,6,2,20,20,0,0
984,170,170,123,31,16,107,107,0,0
38263,34,34,28,4,2,28,28,0,0
3955,52,52,42,7,3,42,42,0,0
88495,57,57,44,8,5,39,39,0,0
24118,39,39,29,6,4,26,26,0,0
215706,50,50,42,6,2,42,42,0,0
209891,71,71,58,11,2,55,55,0,0
20385,82,82,74,5,3,73,73,0,0
105198,46,46,44,1,1,44,44,0,0
234093,13,13,10,2,1,12,12,0,0
6845,70,70,59,9,2,58,58,0,0
118605,67,67,55,7,5,51,51,0,0
228036,10,10,8,1,1,8,8,0,0
912,125,125,88,24,13,73,73,0,0
179236,64,64,50,10,4,49,49,0,0
3544,51,51,44,4,3,42,42,0,0
204187,43,43,28,10,5,20,20,0,0
31536,39,39,27,8,4,20,20,0,0
58434,33,33,28,3,2,27,27,0,0
28042,9,9,7,1,1,9,9,0,0
255377,34,34,23,7,4,21,21,0,0
145403,12,12,10,1,1,12,12,0,0
62004,78,78,60,12,6,54,54,0,0
201693,26,26,21,4,1,19,19,0,0
143564,49,49,40,7,2,40,40,0,0
4687,78,78,58,13,7,45,45,0,0
80154,55,55,45,8,2,44,44,0,0
191064,29,29,22,5,2,20,20,0,0
188274,51,51,32,13,6,10,10,0,0
122631,90,90,71,16,3,70,70,0,0
24144,136,136,97,25,14,84,84,0,0
66005,38,38,27,7,4,23,23,0,0
181371,56,56,39,11,6,32,32,0,0
234595,40,40,38,1,1,38,38,0,0
122487,48,48,42,5,1,40,40,0,0
174313,17,17,13,2,2,11,11,0,0
59443,14,14,12,1,1,14,14,0,0
69723,67,67,48,13,6,42,42,0,0
255839,30,30,27,2,1,25,25,0,0
106404,26,26,23,2,1,23,23,0,0
159969,44,44,32,9,3,30,30,0,0
255445,35,35,26,6,3,23,23,0,0
3606,61,61,51,7,3,51,51,0,0
159845,40,40,34,5,1,34,34,0,0
209888,24,24,21,2,1,23,23,0,0
44382,68,68,58,6,4,58,58,0,0
31511,46,46,34,8,4,26,26,0,0
165989,89,89,63,16,10,45,45,0,0
126794,46,46,32,10,4,20,20,0,0
24468,33,33,28,4,1,28,28,0,0
259818,39,39,36,2,1,38,38,0,0
53035,88,88,69,14,5,67,67,0,0
89442,50,50,46,3,1,45,45,0,0
3172,64,64,40,17,7,11,11,0,0
55918,61,61,47,10,4,42,42,0,0
132593,54,54,39,12,3,37,37,0,0
86754,22,22,16,4,2,11,11,0,0
10665,55,55,44,9,2,42,42,0,0
53428,145,145,114,23,8,106,106,0,0
188703,42,42,32,8,2,29,29,0,0
24008,92,92,69,17,6,68,68,0,0
44677,133,133,87,32,14,60,60,0,0
77891,25,25,20,4,1,20,20,0,0
85872,11,11,9,1,1,9,9,0,0
91238,77,77,50,16,11,31,31,0,0
70277,87,87,67,12,8,61,61,0,0
238028,42,42,30,9,3,24,24,0,0
104079,29,29,27,1,1,29,29,0,0
164172,44,44,36,5,3,34,34,0,0
89315,52,52,45,5,2,44,44,0,0
47153,90,90,73,12,5,68,68,0,0
160042,24,24,17,4,3,17,17,0,0
52170,84,84,71,10,3,70,70,0,0
132499,51,51,46,4,1,46,46,0,0
2967,49,49,42,5,2,41,41,0,0
22620,50,50,31,11,8,11,11,0,0
13826,43,43,33,6,4,27,27,0,0
45032,88,88,69,14,5,63,63,0,0
18563,48,48,37,7,4,35,35,0,0
5221,66,66,50,10,6,47,47,0,0
221847,38,38,30,5,3,28,28,0,0
263302,5,5,2,2,1,4,4,0,0
31758,35,35,25,6,4,20,20,0,0
7076,53,53,44,6,3,42,42,0,0
76341,33,33,25,6,2,21,21,0,0
24615,45,45,34,8,3,31,31,0,0
156352,46,46,43,2,1,43,43,0,0
2400,277,277,212,44,21,190,190,0,0
5354,133,133,94,24,15,76,76,0,0
124075,27,27,19,5,3,9,9,0,0
52185,29,29,20,6,3,15,15,0,0
234298,24,24,20,2,2,16,16,0,0
4774,39,39,32,5,2,32,32,0,0
152322,22,22,17,4,1,17,17,0,0
248418,28,28,21,5,2,20,20,0,0
146894,44,44,38,4,2,37,37,0,0
98734,26,26,22,3,1,20,20,0,0
115810,45,45,38,6,1,37,37,0,0
169979,17,17,13,3,1,13,13,0,0
74407,86,86,68,14,4,67,67,0,0
23237,161,161,128,24,9,118,118,0,0
40405,40,40,29,9,2,29,29,0,0
245136,37,37,33,3,1,33,33,0,0
42300,61,61,47,11,3,47,47,0,0
56817,31,31,25,4,2,22,22,0,0
135827,61,61,52,7,2,48,48,0,0
35446,30,30,23,5,2,20,20,0,0
87514,32,32,28,3,1,27,27,0,0
179347,78,78,66,9,3,66,66,0,0
41323,28,28,21,4,3,18,18,0,0
130797,14,14,11,2,1,13,13,0,0
36087,21,21,19,1,1,19,19,0,0
11546,107,107,86,17,4,82,82,0,0
248072,21,21,18,2,1,20,20,0,0
85698,73,73,58,13,2,57,57,0,0
20528,63,63,44,11,8,35,35,0,0
49984,55,55,37,12,6,36,36,0,0
65359,17,17,12,3,2,11,11,0,0
14922,47,47,30,10,7,20,20,0,0
251770,21,21,19,1,1,21,21,0,0
125515,55,55,45,7,3,42,42,0,0
116092,36,36,28,6,2,27,27,0,0
41416,45,45,37,5,3,32,32,0,0
11135,162,162,123,29,10,109,109,0,0
63022,47,47,43,3,1,42,42,0,0
125516,32,32,30,1,1,30,30,0,0
85007,57,57,41,11,5,35,35,0,0
2252,112,112,75,26,11,41,41,0,0
158281,7,7,4,2,1,6,6,0,0
155914,15,15,12,2,1,14,14,0,0
12390,33,33,31,1,1,31,31,0,0
78704,73,73,51,14,8,44,44,0,0
16524,133,133,100,23,10,96,96,0,0
86707,80,80,59,15,6,56,56,0,0
193901,31,31,24,5,2,23,23,0,0
46881,8,8,6,1,1,8,8,0,0
29890,20,20,14,4,2,14,14,0,0
256183,46,46,40,5,1,40,40,0,0
64150,81,81,64,13,4,55,55,0,0
123717,55,55,39,11,5,32,32,0,0
107741,78,78,70,7,1,70,70,0,0
121211,40,40,30,6,4,29,29,0,0
181559,34,34,27,5,2,27,27,0,0
1495,37,37,31,5,1,28,28,0,0
75686,31,31,27,3,1,26,26,0,0
37305,20,20,14,5,1,14,14,0,0
170494,63,63,47,11,5,42,42,0,0
218768,35,35,32,2,1,32,32,0,0
16045,73,73,48,17,8,42,42,0,0
53601,65,65,56,6,3,55,55,0,0
59931,60,60,51,7,2,48,48,0,0
170058,16,16,13,2,1,15,15,0,0
184060,49,49,45,2,2,45,45,0,0
112098,53,53,39,10,4,37,37,0,0
46106,42,42,33,8,1,32,32,0,0
240807,15,15,12,2,1,14,14,0,0
51677,17,17,14,2,1,14,14,0,0
176562,43,43,35,5,3,31,31,0,0
67045,20,20,17,2,1,17,17,0,0
74946,29,29,23,4,2,20,20,0,0
215871,51,51,45,5,1,45,45,0,0
131069,75,75,63,11,1,62,62,0,0
148763,26,26,21,4,1,21,21,0,0
209842,33,33,28,3,2,24,24,0,0
79974,27,27,20,6,1,19,19,0,0
12517,66,66,47,14,5,43,43,0,0
170401,15,15,13,1,1,13,13,0,0
79241,46,46,31,9,6,26,26,0,0
72738,76,76,59,12,5,57,57,0,0
156033,21,21,17,2,2,15,15,0,0
212442,39,39,31,7,1,31,31,0,0
234158,5,5,3,1,1,5,5,0,0
98971,17,17,12,3,2,11,11,0,0
17488,40,40,27,9,4,24,24,0,0
154566,58,58,52,4,2,48,48,0,0
19370,52,52,31,12,9,12,12,0,0
78593,18,18,15,2,1,14,14,0,0
2770,127,127,80,30,17,42,42,0,0
10585,15,15,12,2,1,14,14,0,0
76462,81,81,49,22,10,13,13,0,0
117331,21,21,15,3,3,12,12,0,0
121338,65,65,49,12,4,41,41,0,0
46509,84,84,60,16,8,56,56,0,0
11061,14,14,11,2,1,13,13,0,0
43932,12,12,9,2,1,9,9,0,0
160232,7,7,5,1,1,7,7,0,0
259232,12,12,10,1,1,10,10,0,0
30288,155,155,129,19,7,125,125,0,0
16135,49,49,43,5,1,43,43,0,0
12304,119,119,95,17,7,91,91,0,0
17745,52,52,37,10,5,26,26,0,0
57367,23,23,20,2,1,20,20,0,0
44010,97,97,77,16,4,74,74,0,0
251727,6,6,4,1,1,6,6,0,0
48933,99,99,70,19,10,52,52,0,0
98887,55,55,41,11,3,33,33,0,0
53918,61,61,47,8,6,40,40,0,0
159859,7,7,5,1,1,7,7,0,0
188354,36,36,33,2,1,33,33,0,0
15681,113,113,86,21,6,79,79,0,0
28416,83,83,52,22,9,12,12,0,0
157944,27,27,24,2,1,26,26,0,0
21990,38,38,28,7,3,14,14,0,0
156235,21,21,15,5,1,15,15,0,0
128238,39,39,27,7,5,20,20,0,0
256220,35,35,32,2,1,32,32,0,0
72947,38,38,31,4,3,29,29,0,0
138849,38,38,30,5,3,30,30,0,0
234049,25,25,23,1,1,23,23,0,0
186055,43,43,36,4,3,34,34,0,0
78564,47,47,41,4,2,39,39,0,0
59347,68,68,61,5,2,60,60,0,0
215831,12,12,9,2,1,9,9,0,0
84069,29,29,21,5,3,19,19,0,0
27976,60,60,52,7,1,52,52,0,0
210119,47,47,35,9,3,33,33,0,0
206766,15,15,12,2,1,14,14,0,0
135418,17,17,15,1,1,17,17,0,0
140551,32,32,28,3,1,28,28,0,0
183486,30,30,23,6,1,23,23,0,0
199195,23,23,20,2,1,19,19,0,0
120026,32,32,27,4,1,27,27,0,0
14847,58,58,50,6,2,50,50,0,0
110087,33,33,30,2,1,29,29,0,0
13173,31,31,24,4,3,24,24,0,0
41692,77,77,64,10,3,61,61,0,0
33397,52,52,43,7,2,42,42,0,0
101905,46,46,40,5,1,40,40,0,0
17272,49,49,40,7,2,40,40,0,0
119916,53,53,44,6,3,34,34,0,0
140557,31,31,25,4,2,22,22,0,0
234135,21,21,17,3,1,17,17,0,0
228249,38,38,24,9,5,20,20,0,0
2736,195,195,136,41,18,94,94,0,0
163839,43,43,37,5,1,37,37,0,0
179388,29,29,25,3,1,24,24,0,0
161739,13,13,11,1,1,11,11,0,0
141969,26,26,18,5,3,16,16,0,0
12934,52,52,46,4,2,46,46,0,0
113421,25,25,19,4,2,17,17,0,0
322,540,540,360,124,56,179,179,0,0
39191,92,92,66,19,7,60,60,0,0
69692,49,49,42,6,1,42,42,0,0
126928,52,52,45,5,2,45,45,0,0
32094,57,57,43,10,4,42,42,0,0
201374,10,10,8,1,1,10,10,0,0
221305,33,33,24,7,2,24,24,0,0
68453,20,20,16,3,1,16,16,0,0
152473,32,32,23,6,3,21,21,0,0
150406,18,18,13,3,2,11,11,0,0
174870,75,75,60,10,5,56,56,0,0
188256,20,20,14,4,2,14,14,0,0
56896,65,65,50,10,5,47,47,0,0
46062,14,14,11,2,1,13,13,0,0
1988,19,19,17,1,1,19,19,0,0
196565,54,54,48,3,3,45,45,0,0
193935,51,51,48,2,1,48,48,0,0
59342,45,45,40,4,1,40,40,0,0
29462,60,60,48,10,2,48,48,0,0
154193,28,28,25,2,1,25,25,0,0
67265,120,120,84,25,11,74,74,0,0
63734,46,46,31,11,4,14,14,0,0
179429,23,23,20,2,1,20,20,0,0
72791,85,85,75,7,3,75,75,0,0
62409,17,17,15,1,1,15,15,0,0
137464,57,57,46,8,3,41,41,0,0
51305,88,88,75,10,3,75,75,0,0
174879,37,37,31,4,2,31,31,0,0
65349,40,40,33,6,1,33,33,0,0
45424,38,38,23,10,5,17,17,0,0
252556,67,67,39,16,12,17,17,0,0
179441,47,47,37,7,3,29,29,0,0
140609,61,61,39,13,9,28,28,0,0
42375,57,57,39,10,8,27,27,0,0
138926,22,22,19,2,1,21,21,0,0
180961,40,40,28,8,4,20,20,0,0
28039,139,139,94,27,18,72,72,0,0
212610,9,9,7,1,1,7,7,0,0
212858,36,36,26,7,3,13,13,0,0
238295,24,24,21,2,1,21,21,0,0
93959,24,24,21,2,1,21,21,0,0
19071,109,109,80,18,11,68,68,0,0
13323,35,35,28,6,1,28,28,0,0
210217,20,20,17,2,1,17,17,0,0
105475,27,27,23,3,1,21,21,0,0
40774,123,123,88,24,11,73,73,0,0
100822,47,47,37,8,2,36,36,0,0
154310,21,21,19,1,1,21,21,0,0
150430,37,37,31,4,2,29,29,0,0
179397,22,22,20,1,1,20,20,0,0
75866,91,91,64,18,9,40,40,0,0
11195,130,130,95,21,14,74,74,0,0
91194,79,79,60,14,5,56,56,0,0
6305,110,110,81,20,9,76,76,0,0
31380,137,137,104,22,11,87,87,0,0
231609,21,21,18,2,1,16,16,0,0
40775,73,73,55,12,6,49,49,0,0
193360,11,11,6,3,2,5,5,0,0
148889,33,33,23,7,3,16,16,0,0
55462,16,16,14,1,1,14,14,0,0
162282,28,28,22,5,1,22,22,0,0
237476,22,22,19,2,1,19,19,0,0
140074,21,21,19,1,1,19,19,0,0
154158,18,18,15,2,1,15,15,0,0
19522,38,38,28,6,4,24,24,0,0
172378,5,5,3,1,1,5,5,0,0
179335,49,49,43,5,1,43,43,0,0
201357,25,25,20,4,1,20,20,0,0
241828,16,16,13,2,1,12,12,0,0
101864,16,16,13,2,1,15,15,0,0
18733,36,36,30,4,2,30,30,0,0
67874,45,45,40,3,2,38,38,0,0
161879,10,10,7,2,1,9,9,0,0
20509,38,38,33,4,1,32,32,0,0
41607,23,23,20,2,1,22,22,0,0
800,175,175,129,32,14,92,92,0,0
135910,22,22,14,4,4,8,8,0,0
9318,112,112,80,24,8,72,72,0,0
115870,26,26,24,1,1,23,23,0,0
264102,31,31,26,4,1,26,26,0,0
110150,44,44,39,4,1,39,39,0,0
156472,29,29,22,5,2,22,22,0,0
31774,22,22,20,1,1,20,20,0,0
68446,24,24,20,2,2,16,16,0,0
11655,25,25,22,2,1,24,24,0,0
263879,28,28,23,4,1,22,22,0,0
245177,37,37,35,1,1,35,35,0,0
19626,91,91,81,9,1,80,80,0,0
85890,41,41,37,3,1,37,37,0,0
199131,6,6,3,2,1,5,5,0,0
23956,46,46,37,6,3,37,37,0,0
248440,17,17,12,4,1,12,12,0,0
95885,72,72,65,5,2,62,62,0,0
16621,64,64,48,9,7,41,41,0,0
91098,27,27,20,4,3,20,20,0,0
193664,14,14,11,2,1,13,13,0,0
48380,46,46,38,6,2,37,37,0,0
260238,42,42,33,6,3,32,32,0,0
41716,100,100,89,8,3,85,85,0,0
67281,36,36,30,5,1,30,30,0,0
201901,34,34,31,2,1,33,33,0,0
77191,54,54,45,7,2,43,43,0,0
5427,55,55,43,8,4,40,40,0,0
216053,54,54,52,1,1,52,52,0,0
16143,40,40,38,1,1,38,38,0,0
231218,52,52,43,6,3,41,41,0,0
7659,93,93,78,11,4,75,75,0,0
252664,52,52,45,6,1,45,45,0,0
98776,55,55,46,8,1,46,46,0,0
259687,27,27,23,3,1,23,23,0,0
21033,31,31,24,5,2,22,22,0,0
141897,39,39,37,1,1,37,37,0,0
18823,123,123,91,23,9,86,86,0,0
84995,50,50,42,6,2,39,39,0,0
100081,42,42,37,4,1,37,37,0,0
58421,29,29,25,3,1,25,25,0,0
154382,14,14,12,1,1,12,12,0,0
142319,41,41,36,2,3,32,32,0,0
143461,11,11,8,2,1,8,8,0,0
99041,52,52,41,8,3,39,39,0,0
121270,42,42,35,4,3,32,32,0,0
111152,38,38,32,5,1,30,30,0,0
2108,11,11,8,2,1,10,10,0,0
53624,58,58,44,10,4,42,42,0,0
37715,82,82,64,10,8,60,60,0,0
204520,17,17,14,2,1,14,14,0,0
89526,41,41,36,4,1,36,36,0,0
64278,56,56,47,7,2,47,47,0,0
196319,32,32,27,4,1,26,26,0,0
215409,20,20,18,1,1,20,20,0,0
13547,26,26,24,1,1,24,24,0,0
213103,28,28,26,1,1,26,26,0,0
20682,136,136,102,26,8,77,77,0,0
99727,28,28,25,2,1,25,25,0,0
50041,30,30,27,2,1,26,26,0,0
119660,52,52,37,9,6,22,22,0,0
162212,17,17,15,1,1,15,15,0,0
172443,26,26,21,3,2,20,20,0,0
72289,32,32,29,2,1,29,29,0,0
115688,35,35,29,4,2,29,29,0,0
47626,57,57,45,11,1,44,44,0,0
210292,10,10,8,1,1,8,8,0,0
193511,33,33,19,8,6,13,13,0,0
92882,53,53,37,10,6,36,36,0,0
181822,36,36,28,5,3,22,22,0,0
85064,12,12,8,2,2,4,4,0,0
62076,54,54,41,8,5,36,36,0,0
218421,25,25,21,3,1,21,21,0,0
221896,43,43,37,4,2,37,37,0,0
57517,64,64,51,10,3,50,50,0,0
43668,22,22,15,5,2,9,9,0,0
30720,6,6,4,1,1,4,4,0,0
51792,105,105,71,23,11,44,44,0,0
57358,36,36,29,4,3,25,25,0,0
49649,22,22,15,4,3,12,12,0,0
234307,34,34,30,3,1,30,30,0,0
9234,135,135,92,27,16,79,79,0,0
18252,44,44,32,7,5,30,30,0,0
86730,23,23,21,1,1,21,21,0,0
42025,97,97,70,18,9,55,55,0,0
181170,41,41,32,7,2,32,32,0,0
105413,53,53,50,2,1,50,50,0,0
212595,32,32,22,6,4,17,17,0,0
13409,75,75,49,20,6,14,14,0,0
121168,47,47,36,7,4,36,36,0,0
54464,16,16,11,3,2,9,9,0,0
156452,42,42,33,7,2,29,29,0,0
80240,28,28,25,2,1,25,25,0,0
122431,30,30,25,3,2,20,20,0,0
252729,47,47,39,7,1,38,38,0,0
115846,40,40,33,5,2,30,30,0,0
25478,99,99,66,22,11,50,50,0,0
66067,37,37,24,9,4,21,21,0,0
196661,26,26,18,5,3,12,12,0,0
111347,51,51,39,8,4,30,30,0,0
209574,34,34,32,1,1,34,34,0,0
249015,23,23,19,3,1,19,19,0,0
83197,33,33,30,2,1,32,32,0,0
202028,23,23,14,6,3,14,14,0,0
174983,22,22,19,2,1,21,21,0,0
221876,46,46,44,1,1,44,44,0,0
90256,35,35,30,4,1,30,30,0,0
122764,57,57,46,8,3,43,43,0,0
98033,59,59,42,10,7,41,41,0,0
77773,43,43,36,6,1,36,36,0,0
7050,111,111,80,21,10,58,58,0,0
199386,47,47,40,6,1,40,40,0,0
121218,73,73,53,13,7,47,47,0,0
4041,152,152,133,14,5,131,131,0,0
44634,14,14,11,2,1,13,13,0,0
85101,74,74,62,10,2,57,57,0,0
2877,90,90,71,13,6,71,71,0,0
14174,19,19,13,3,3,11,11,0,0
259256,11,11,8,2,1,10,10,0,0
94759,18,18,15,2,1,17,17,0,0
122616,14,14,12,1,1,14,14,0,0
191115,22,22,20,1,1,20,20,0,0
91257,48,48,39,8,1,36,36,0,0
53658,33,33,29,3,1,29,29,0,0
47727,31,31,25,5,1,25,25,0,0
78479,27,27,20,6,1,15,15,0,0
150932,9,9,7,1,1,7,7,0,0
105493,32,32,27,4,1,27,27,0,0
185906,13,13,10,2,1,12,12,0,0
41738,21,21,16,3,2,14,14,0,0
4667,97,97,73,17,7,64,64,0,0
159705,37,37,34,2,1,33,33,0,0
31525,67,67,51,11,5,45,45,0,0
240964,21,21,19,1,1,19,19,0,0
60380,33,33,28,4,1,26,26,0,0
60881,35,35,30,2,3,27,27,0,0
237516,23,23,20,2,1,22,22,0,0
168398,48,48,40,6,2,40,40,0,0
19386,144,144,108,26,10,94,94,0,0
216140,30,30,23,6,1,23,23,0,0
138678,18,18,14,3,1,14,14,0,0
122278,33,33,30,2,1,29,29,0,0
113557,24,24,15,5,4,10,10,0,0
78766,42,42,38,3,1,38,38,0,0
206976,14,14,12,1,1,12,12,0,0
125172,31,31,26,3,2,26,26,0,0
64335,30,30,27,2,1,27,27,0,0
152304,26,26,23,2,1,25,25,0,0
161989,17,17,15,1,1,15,15,0,0
164225,23,23,18,4,1,18,18,0,0
135822,35,35,31,3,1,31,31,0,0
142258,15,15,13,1,1,12,12,0,0
61854,17,17,15,1,1,15,15,0,0
62621,72,72,55,14,3,54,54,0,0
234818,26,26,21,3,2,21,21,0,0
27836,17,17,11,5,1,11,11,0,0
135375,13,13,10,2,1,12,12,0,0
248210,32,32,30,1,1,29,29,0,0
145438,52,52,38,7,7,32,32,0,0
47349,120,120,86,23,11,55,55,0,0
119932,42,42,33,5,4,30,30,0,0
100989,48,48,33,11,4,32,32,0,0
150926,25,25,21,3,1,21,21,0,0
107428,21,21,16,3,2,15,15,0,0
186656,27,27,23,3,1,23,23,0,0
39182,79,79,57,16,6,47,47,0,0
260366,12,12,10,1,1,10,10,0,0
238460,46,46,27,12,7,9,9,0,0
85717,27,27,23,3,1,23,23,0,0
31165,16,16,13,2,1,13,13,0,0
17593,47,47,32,10,5,16,16,0,0
181228,35,35,28,6,1,27,27,0,0
34664,9,9,6,2,1,8,8,0,0
252814,18,18,12,4,2,12,12,0,0
126476,11,11,9,1,1,9,9,0,0
81858,89,89,78,10,1,78,78,0,0
60830,26,26,20,4,2,20,20,0,0
45021,45,45,31,9,5,31,31,0,0
64349,73,73,53,14,6,45,45,0,0
179248,8,8,6,1,1,6,6,0,0
91021,16,16,14,1,1,14,14,0,0
114600,35,35,28,4,3,27,27,0,0
70438,32,32,25,6,1,25,25,0,0
61979,24,24,19,4,1,19,19,0,0
76631,50,50,31,13,6,22,22,0,0
30313,33,33,25,6,2,25,25,0,0
10474,15,15,12,2,1,12,12,0,0
23635,59,59,46,10,3,44,44,0,0
4068,15,15,11,2,2,11,11,0,0
150369,69,69,51,11,7,47,47,0,0
53390,26,26,24,1,1,24,24,0,0
95058,77,77,59,14,4,56,56,0,0
139083,23,23,19,3,1,16,16,0,0
212899,26,26,23,2,1,25,25,0,0
195978,7,7,5,1,1,7,7,0,0
24109,31,31,26,4,1,26,26,0,0
80292,49,49,34,11,4,31,31,0,0
201784,22,22,19,2,1,21,21,0,0
118435,75,75,71,3,1,71,71,0,0
165956,31,31,24,5,2,24,24,0,0
241640,26,26,23,2,1,23,23,0,0
141764,35,35,31,2,2,31,31,0,0
188599,12,12,9,2,1,11,11,0,0
28616,9,9,7,1,1,9,9,0,0
135576,16,16,12,2,2,9,9,0,0
99087,86,86,63,17,6,58,58,0,0
149113,7,7,4,2,1,6,6,0,0
162184,37,37,32,4,1,32,32,0,0
84059,23,23,21,1,1,21,21,0,0
104055,36,36,27,6,3,25,25,0,0
102166,49,49,38,6,5,32,32,0,0
19787,54,54,47,6,1,47,47,0,0
172886,26,26,20,3,3,18,18,0,0
241598,40,40,34,4,2,34,34,0,0
15259,93,93,70,14,9,60,60,0,0
238389,67,67,46,15,6,19,19,0,0
114613,17,17,14,2,1,16,16,0,0
74138,86,86,60,17,9,41,41,0,0
33914,31,31,22,5,4,18,18,0,0
31623,110,110,75,22,13,58,58,0,0
102842,11,11,8,2,1,10,10,0,0
124238,20,20,18,1,1,18,18,0,0
234163,44,44,30,9,5,17,17,0,0
260177,32,32,30,1,1,30,30,0,0
93761,6,6,4,1,1,6,6,0,0
40776,49,49,38,9,2,36,36,0,0
90135,52,52,37,8,7,37,37,0,0
39863,149,149,102,35,12,55,55,0,0
142250,31,31,22,6,3,21,21,0,0
244922,38,38,33,4,1,33,33,0,0
207520,40,40,33,4,3,31,31,0,0
24999,114,114,82,23,9,57,57,0,0
7541,110,110,70,25,15,42,42,0,0
55783,5,5,3,1,1,5,5,0,0
86879,46,46,40,5,1,40,40,0,0
71426,22,22,20,1,1,20,20,0,0
90419,48,48,46,1,1,46,46,0,0
65412,35,35,33,1,1,33,33,0,0
28891,40,40,29,7,4,17,17,0,0
106453,26,26,19,5,2,19,19,0,0
95044,66,66,54,6,6,50,50,0,0
37295,62,62,44,11,7,41,41,0,0
104441,37,37,27,7,3,21,21,0,0
5287,230,230,138,65,27,28,28,0,0
256620,33,33,27,4,2,27,27,0,0
170694,53,53,43,8,2,43,43,0,0
41081,65,65,47,12,6,38,38,0,0
354,80,80,58,13,9,42,42,0,0
157873,11,11,6,3,2,6,6,0,0
99807,13,13,11,1,1,11,11,0,0
44271,72,72,55,14,3,49,49,0,0
191607,17,17,15,1,1,17,17,0,0
129909,69,69,52,12,5,49,49,0,0
172137,20,20,16,3,1,16,16,0,0
256587,20,20,17,2,1,17,17,0,0
32945,68,68,47,14,7,33,33,0,0
8127,40,40,33,5,2,31,31,0,0
256594,15,15,13,1,1,13,13,0,0
77211,95,95,80,12,3,78,78,0,0
44035,60,60,48,6,6,44,44,0,0
142380,12,12,10,1,1,10,10,0,0
228596,31,31,24,5,2,23,23,0,0
174478,27,27,21,4,2,20,20,0,0
264394,38,38,35,2,1,35,35,0,0
127046,72,72,59,10,3,59,59,0,0
150355,28,28,21,5,2,19,19,0,0
263249,18,18,15,2,1,15,15,0,0
1402,31,31,24,6,1,23,23,0,0
193663,23,23,19,3,1,19,19,0,0
212933,5,5,2,2,1,4,4,0,0
225420,16,16,13,1,2,11,11,0,0
248000,24,24,18,4,2,18,18,0,0
118695,16,16,14,1,1,14,14,0,0
24323,44,44,42,1,1,42,42,0,0
166540,33,33,30,2,1,30,30,0,0
73526,29,29,23,5,1,22,22,0,0
191217,24,24,21,2,1,21,21,0,0
218285,27,27,18,6,3,11,11,0,0
147131,21,21,18,2,1,20,20,0,0
201609,6,6,4,1,1,6,6,0,0
107828,21,21,19,1,1,19,19,0,0
202129,27,27,19,5,3,9,9,0,0
81882,44,44,33,7,4,30,30,0,0
140757,49,49,37,9,3,31,31,0,0
114740,22,22,17,3,2,15,15,0,0
248637,24,24,20,3,1,20,20,0,0
238369,23,23,20,2,1,20,20,0,0
26711,60,60,42,11,7,27,27,0,0
68293,15,15,12,2,1,14,14,0,0
152374,35,35,31,3,1,31,31,0,0
58552,139,139,94,32,13,53,53,0,0
224795,41,41,29,7,5,27,27,0,0
70461,26,26,23,2,1,23,23,0,0
218744,30,30,25,4,1,25,25,0,0
170699,21,21,15,4,2,10,10,0,0
184272,13,13,11,1,1,11,11,0,0
85731,58,58,49,6,3,48,48,0,0
224842,28,28,23,3,2,22,22,0,0
168665,37,37,30,5,2,24,24,0,0
22809,54,54,44,7,3,36,36,0,0
216264,25,25,21,3,1,21,21,0,0
50117,45,45,34,7,4,32,32,0,0
8139,77,77,68,8,1,68,68,0,0
166559,17,17,14,2,1,16,16,0,0
38475,12,12,8,3,1,7,7,0,0
185841,21,21,19,1,1,19,19,0,0
260347,13,13,11,1,1,11,11,0,0
129438,37,37,35,1,1,35,35,0,0
105512,35,35,26,4,5,20,20,0,0
48415,26,26,23,2,1,23,23,0,0
19044,90,90,59,24,7,37,37,0,0
10082,9,9,6,2,1,8,8,0,0
249134,31,31,26,4,1,26,26,0,0
110957,26,26,20,5,1,15,15,0,0
147391,25,25,23,1,1,25,25,0,0
174407,42,42,34,4,4,30,30,0,0
212882,18,18,14,3,1,14,14,0,0
186395,34,34,32,1,1,34,34,0,0
57001,13,13,11,1,1,13,13,0,0
27038,21,21,18,2,1,20,20,0,0
40460,59,59,41,11,7,35,35,0,0
107384,33,33,30,2,1,30,30,0,0
256717,34,34,21,8,5,15,15,0,0
210,74,74,56,13,5,55,55,0,0
105568,25,25,21,2,2,19,19,0,0
28002,31,31,24,4,3,22,22,0,0
124258,18,18,15,2,1,15,15,0,0
80219,78,78,71,6,1,71,71,0,0
156649,33,33,26,5,2,26,26,0,0
221440,7,7,4,2,1,6,6,0,0
22156,97,97,63,21,13,39,39,0,0
17702,76,76,56,11,9,46,46,0,0
65506,30,30,21,6,3,19,19,0,0
62654,45,45,37,6,2,36,36,0,0
142110,25,25,20,4,1,20,20,0,0
231755,25,25,18,4,3,17,17,0,0
47167,21,21,18,2,1,18,18,0,0
57025,79,79,56,17,6,34,34,0,0
259218,12,12,9,2,1,11,11,0,0
86901,70,70,51,11,8,41,41,0,0
186796,27,27,20,6,1,20,20,0,0
210163,6,6,4,1,1,4,4,0,0
188795,18,18,16,1,1,16,16,0,0
142283,35,35,30,3,2,30,30,0,0
110989,29,29,25,3,1,25,25,0,0
74228,24,24,20,3,1,20,20,0,0
48792,18,18,16,1,1,18,18,0,0
61491,67,67,59,6,2,59,59,0,0
1410,82,82,54,18,10,45,45,0,0
102137,36,36,25,7,4,25,25,0,0
105544,16,16,12,2,2,12,12,0,0
23632,68,68,57,8,3,55,55,0,0
245598,20,20,15,4,1,14,14,0,0
109811,4,4,2,1,1,4,4,0,0
29903,109,109,89,15,5,76,76,0,0
263575,19,19,16,2,1,16,16,0,0
135852,45,45,43,1,1,43,43,0,0
186760,6,6,4,1,1,6,6,0,0
225481,10,10,8,1,1,10,10,0,0
99113,17,17,14,2,1,16,16,0,0
125637,16,16,14,1,1,16,16,0,0
91936,42,42,37,3,2,35,35,0,0
241433,20,20,16,3,1,16,16,0,0
212913,25,25,21,3,1,16,16,0,0
31581,57,57,46,7,4,46,46,0,0
50849,20,20,15,2,3,13,13,0,0
100788,60,60,57,2,1,57,57,0,0
111241,15,15,12,2,1,14,14,0,0
121464,22,22,18,3,1,18,18,0,0
196854,27,27,24,2,1,26,26,0,0
194276,21,21,16,3,2,16,16,0,0
148499,30,30,27,2,1,27,27,0,0
46185,81,81,69,9,3,66,66,0,0
238494,33,33,31,1,1,31,31,0,0
188359,29,29,19,6,4,17,17,0,0
219221,32,32,26,4,2,24,24,0,0
61928,50,50,43,4,3,43,43,0,0
191669,19,19,17,1,1,17,17,0,0
67190,39,39,29,8,2,28,28,0,0
178914,37,37,32,4,1,32,32,0,0
181433,23,23,21,1,1,23,23,0,0
14139,23,23,20,2,1,18,18,0,0
81046,10,10,7,2,1,7,7,0,0
244459,13,13,10,2,1,12,12,0,0
29080,11,11,9,1,1,8,8,0,0
149290,31,31,27,3,1,27,27,0,0
94114,57,57,43,9,5,36,36,0,0
90407,26,26,22,3,1,21,21,0,0
199184,8,8,6,1,1,8,8,0,0
249329,32,32,29,2,1,31,31,0,0
97704,22,22,19,2,1,19,19,0,0
86902,29,29,26,2,1,26,26,0,0
95096,43,43,38,4,1,38,38,0,0
101029,27,27,23,3,1,23,23,0,0
138816,5,5,2,2,1,4,4,0,0
59952,12,12,9,2,1,9,9,0,0
164312,48,48,41,5,2,40,40,0,0
256639,38,38,23,8,7,13,13,0,0
82742,38,38,29,6,3,28,28,0,0
86739,25,25,20,3,2,20,20,0,0
202218,58,58,55,2,1,55,55,0,0
213336,18,18,15,2,1,14,14,0,0
92897,26,26,21,4,1,21,21,0,0
186027,32,32,29,2,1,31,31,0,0
148677,6,6,3,2,1,5,5,0,0
34417,12,12,9,2,1,11,11,0,0
63073,20,20,14,5,1,14,14,0,0
114855,59,59,37,12,10,28,28,0,0
36653,21,21,17,3,1,17,17,0,0
162161,52,52,46,5,1,46,46,0,0
35841,58,58,43,9,6,35,35,0,0
80103,28,28,25,2,1,27,27,0,0
135491,46,46,39,5,2,35,35,0,0
237558,14,14,11,2,1,10,10,0,0
235241,4,4,2,1,1,4,4,0,0
25572,29,29,22,5,2,22,22,0,0
53505,67,67,55,10,2,53,53,0,0
195938,50,50,40,9,1,40,40,0,0
45086,122,122,86,25,11,70,70,0,0
1997,151,151,106,28,17,65,65,0,0
196928,13,13,10,1,2,8,8,0,0
156213,20,20,17,2,1,19,19,0,0
97963,4,4,2,1,1,4,4,0,0
107485,65,65,54,7,4,50,50,0,0
62656,70,70,59,8,3,59,59,0,0
39397,31,31,26,4,1,23,23,0,0
201430,29,29,27,1,1,27,27,0,0
209386,19,19,15,2,2,12,12,0,0
53989,25,25,15,6,4,6,6,0,0
38532,62,62,54,5,3,54,54,0,0
139174,41,41,30,8,3,29,29,0,0
4813,4,4,1,2,1,3,3,0,0
161866,9,9,6,2,1,8,8,0,0
210529,39,39,33,3,3,31,31,0,0
240920,31,31,29,1,1,29,29,0,0
191377,9,9,5,2,2,3,3,0,0
99937,17,17,15,1,1,17,17,0,0
58342,8,8,5,2,1,7,7,0,0
235091,37,37,30,6,1,30,30,0,0
34530,43,43,34,7,2,34,34,0,0
179676,19,19,13,4,2,7,7,0,0
93224,26,26,22,3,1,21,21,0,0
166609,36,36,31,4,1,31,31,0,0
59018,38,38,24,9,5,14,14,0,0
107935,41,41,28,10,3,21,21,0,0
101196,25,25,17,6,2,12,12,0,0
244730,21,21,19,1,1,21,21,0,0
119623,15,15,11,3,1,10,10,0,0
70133,13,13,10,2,1,12,12,0,0
18739,51,51,40,7,4,28,28,0,0
74478,10,10,8,1,1,8,8,0,0
44366,7,7,5,1,1,7,7,0,0
118400,36,36,27,5,4,26,26,0,0
140638,26,26,24,1,1,24,24,0,0
6147,27,27,19,6,2,19,19,0,0
228676,27,27,25,1,1,25,25,0,0
245270,14,14,11,2,1,13,13,0,0
249389,13,13,10,2,1,10,10,0,0
60896,12,12,10,1,1,12,12,0,0
105599,14,14,10,3,1,8,8,0,0
30328,106,106,80,21,5,75,75,0,0
221,427,427,277,101,49,177,177,0,0
138564,14,14,11,2,1,11,11,0,0
115048,25,25,17,5,3,13,13,0,0
140823,12,12,10,1,1,12,12,0,0
149309,32,32,29,2,1,29,29,0,0
86904,13,13,9,2,2,8,8,0,0
3842,177,177,106,47,24,29,29,0,0
238510,46,46,36,8,2,34,34,0,0
225576,54,54,47,6,1,46,46,0,0
156674,12,12,10,1,1,12,12,0,0
174442,15,15,10,4,1,10,10,0,0
6601,18,18,16,1,1,16,16,0,0
91420,24,24,18,4,2,15,15,0,0
145604,25,25,22,2,1,21,21,0,0
34402,45,45,34,7,4,31,31,0,0
177434,47,47,34,9,4,22,22,0,0
48148,122,122,103,14,5,97,97,0,0
37073,14,14,11,2,1,13,13,0,0
117018,17,17,15,1,1,15,15,0,0
36853,30,30,25,4,1,24,24,0,0
97082,41,41,35,5,1,34,34,0,0
61930,9,9,7,1,1,9,9,0,0
134059,27,27,25,1,1,25,25,0,0
132877,53,53,45,6,2,43,43,0,0
1011,57,57,37,14,6,21,21,0,0
139020,9,9,6,2,1,8,8,0,0
58515,24,24,17,5,2,17,17,0,0
53057,12,12,9,2,1,11,11,0,0
37772,13,13,11,1,1,13,13,0,0
70484,49,49,37,8,4,32,32,0,0
7153,15,15,11,3,1,11,11,0,0
53476,13,13,10,2,1,10,10,0,0
73775,24,24,20,3,1,17,17,0,0
66605,13,13,11,1,1,13,13,0,0
225281,4,4,2,1,1,4,4,0,0
2941,75,75,49,19,7,31,31,0,0
1470,152,152,109,25,18,76,76,0,0
225593,23,23,20,2,1,22,22,0,0
117356,25,25,22,2,1,22,22,0,0
170877,19,19,17,1,1,17,17,0,0
207683,41,41,34,5,2,26,26,0,0
132207,32,32,27,4,1,27,27,0,0
34282,104,104,67,26,11,25,25,0,0
12109,28,28,26,1,1,28,28,0,0
10748,85,85,65,15,5,49,49,0,0
179752,20,20,17,2,1,19,19,0,0
103345,15,15,11,2,2,9,9,0,0
26131,80,80,51,22,7,15,15,0,0
121554,67,67,59,6,2,57,57,0,0
71720,17,17,15,1,1,15,15,0,0
98104,55,55,39,9,7,32,32,0,0
43391,88,88,69,13,6,63,63,0,0
204504,12,12,10,1,1,12,12,0,0
117522,45,45,39,5,1,39,39,0,0
8849,91,91,71,13,7,67,67,0,0
222303,18,18,13,4,1,13,13,0,0
177466,22,22,20,1,1,20,20,0,0
210577,29,29,27,1,1,27,27,0,0
264637,29,29,25,3,1,25,25,0,0
241565,11,11,9,1,1,11,11,0,0
82754,35,35,25,7,3,23,23,0,0
3260,23,23,16,4,3,12,12,0,0
574,42,42,39,2,1,39,39,0,0
1035,121,121,78,28,15,51,51,0,0
14852,40,40,30,7,3,28,28,0,0
80339,17,17,14,2,1,16,16,0,0
210599,43,43,36,6,1,36,36,0,0
25961,39,39,28,7,4,23,23,0,0
156721,46,46,40,5,1,40,40,0,0
199599,7,7,5,1,1,7,7,0,0
35300,75,75,59,14,2,59,59,0,0
3671,17,17,14,2,1,14,14,0,0
69222,47,47,33,10,4,26,26,0,0
127996,13,13,11,1,1,11,11,0,0
225447,15,15,11,3,1,11,11,0,0
108728,42,42,38,3,1,35,35,0,0
140146,22,22,16,3,3,15,15,0,0
18034,31,31,22,6,3,14,14,0,0
70501,60,60,44,13,3,38,38,0,0
89624,38,38,26,7,5,21,21,0,0
57570,50,50,40,6,4,36,36,0,0
8029,109,109,75,22,12,58,58,0,0
94183,41,41,38,2,1,38,38,0,0
72391,65,65,46,12,7,33,33,0,0
238748,10,10,8,1,1,8,8,0,0
4264,24,24,21,2,1,21,21,0,0
145816,33,33,24,5,4,19,19,0,0
20526,31,31,26,4,1,26,26,0,0
156521,37,37,27,9,1,25,25,0,0
256854,35,35,30,3,2,30,30,0,0
48954,20,20,15,3,2,14,14,0,0
2234,40,40,33,6,1,33,33,0,0
259878,45,45,36,4,5,33,33,0,0
79585,33,33,28,4,1,28,28,0,0
224598,9,9,7,1,1,9,9,0,0
177478,5,5,3,1,1,5,5,0,0
245690,33,33,29,3,1,29,29,0,0
55088,50,50,40,7,3,37,37,0,0
75704,27,27,24,2,1,23,23,0,0
182072,28,28,23,4,1,23,23,0,0
81821,15,15,12,2,1,12,12,0,0
221956,4,4,2,1,1,4,4,0,0
34987,22,22,19,2,1,21,21,0,0
140817,52,52,38,13,1,38,38,0,0
166127,29,29,22,5,2,20,20,0,0
12763,38,38,33,4,1,33,33,0,0
212439,12,12,9,2,1,11,11,0,0
46391,19,19,16,2,1,18,18,0,0
174670,20,20,17,2,1,19,19,0,0
179775,8,8,6,1,1,8,8,0,0
147368,7,7,5,1,1,7,7,0,0
242313,16,16,14,1,1,14,14,0,0
13081,59,59,48,7,4,45,45,0,0
213352,37,37,31,4,2,28,28,0,0
58006,89,89,67,15,7,56,56,0,0
118864,74,74,57,12,5,51,51,0,0
213450,60,60,52,7,1,52,52,0,0
96121,42,42,33,6,3,31,31,0,0
23936,12,12,10,1,1,12,12,0,0
81913,19,19,16,2,1,18,18,0,0
4989,99,99,66,22,11,30,30,0,0
106718,6,6,4,1,1,2,2,0,0
158618,16,16,14,1,1,16,16,0,0
48098,31,31,26,3,2,26,26,0,0
225670,21,21,14,3,4,10,10,0,0
53214,51,51,42,6,3,38,38,0,0
4865,135,135,93,29,13,66,66,0,0
47780,71,71,55,12,4,48,48,0,0
248188,6,6,4,1,1,6,6,0,0
69071,22,22,17,2,3,13,13,0,0
59382,41,41,34,6,1,34,34,0,0
176875,25,25,22,2,1,22,22,0,0
207076,9,9,6,2,1,4,4,0,0
13591,130,130,87,29,14,71,71,0,0
56030,49,49,42,5,2,38,38,0,0
37170,108,108,85,18,5,68,68,0,0
225189,22,22,19,2,1,21,21,0,0
131467,18,18,16,1,1,16,16,0,0
264523,32,32,30,1,1,32,32,0,0
256712,18,18,14,3,1,9,9,0,0
46593,69,69,48,13,8,36,36,0,0
4402,277,277,208,46,23,162,162,0,0
134508,66,66,56,8,2,53,53,0,0
90216,29,29,21,6,2,21,21,0,0
78074,67,67,51,11,5,50,50,0,0
166668,35,35,31,3,1,29,29,0,0
70507,14,14,11,1,2,9,9,0,0
70511,49,49,39,7,3,33,33,0,0
69724,9,9,6,2,1,8,8,0,0
147520,36,36,29,4,3,28,28,0,0
260766,17,17,14,2,1,12,12,0,0
204615,27,27,19,6,2,17,17,0,0
216483,35,35,25,6,4,17,17,0,0
151188,20,20,15,3,2,14,14,0,0
116260,26,26,18,4,4,17,17,0,0
166689,23,23,17,4,2,15,15,0,0
16273,119,119,94,17,8,86,86,0,0
147549,32,32,27,3,2,27,27,0,0
207233,5,5,3,1,1,3,3,0,0
71134,27,27,23,3,1,23,23,0,0
1772,52,52,44,6,2,41,41,0,0
104081,24,24,20,3,1,20,20,0,0
139277,21,21,19,1,1,19,19,0,0
219404,27,27,20,6,1,20,20,0,0
117080,16,16,14,1,1,13,13,0,0
179128,7,7,4,2,1,4,4,0,0
173087,34,34,29,3,2,27,27,0,0
73636,22,22,17,4,1,17,17,0,0
20159,141,141,94,30,17,70,70,0,0
28903,36,36,30,4,2,26,26,0,0
118938,19,19,17,1,1,19,19,0,0
71133,8,8,6,1,1,8,8,0,0
25808,18,18,15,2,1,17,17,0,0
18624,55,55,45,9,1,44,44,0,0
98121,61,61,52,8,1,52,52,0,0
54169,60,60,47,9,4,47,47,0,0
143888,32,32,26,5,1,26,26,0,0
264723,14,14,12,1,1,12,12,0,0
199614,24,24,21,2,1,23,23,0,0
186949,21,21,19,1,1,19,19,0,0
237665,15,15,13,1,1,15,15,0,0
170948,16,16,14,1,1,16,16,0,0
18473,37,37,24,8,5,11,11,0,0
146774,19,19,16,2,1,16,16,0,0
140900,26,26,20,4,2,19,19,0,0
232144,39,39,30,6,3,21,21,0,0
125605,9,9,7,1,1,9,9,0,0
156608,10,10,8,1,1,10,10,0,0
52761,68,68,45,15,8,29,29,0,0
110334,23,23,21,1,1,21,21,0,0
41001,5,5,3,1,1,5,5,0,0
95038,19,19,16,2,1,18,18,0,0
136131,23,23,20,2,1,22,22,0,0
73096,16,16,13,2,1,15,15,0,0
13764,26,26,20,5,1,20,20,0,0
12128,15,15,12,2,1,14,14,0,0
219410,59,59,44,10,5,39,39,0,0
160601,62,62,46,11,5,45,45,0,0
3154,31,31,23,6,2,22,22,0,0
128591,23,23,17,4,2,12,12,0,0
54180,20,20,17,2,1,19,19,0,0
249420,34,34,30,3,1,30,30,0,0
164571,40,40,34,5,1,33,33,0,0
134535,34,34,28,5,1,28,28,0,0
197056,35,35,32,2,1,31,31,0,0
199731,42,42,36,4,2,36,36,0,0
189330,51,51,39,8,4,39,39,0,0
61084,49,49,38,9,2,36,36,0,0
184543,39,39,36,2,1,38,38,0,0
99934,40,40,37,2,1,39,39,0,0
85219,32,32,21,8,3,19,19,0,0
6565,44,44,40,3,1,40,40,0,0
45037,16,16,13,2,1,15,15,0,0
26147,28,28,22,4,2,22,22,0,0
119723,15,15,13,1,1,11,11,0,0
182016,36,36,24,9,3,7,7,0,0
207010,15,15,13,1,1,13,13,0,0
150957,46,46,38,6,2,34,34,0,0
132949,15,15,11,3,1,9,9,0,0
101081,36,36,25,7,4,23,23,0,0
28298,42,42,32,5,5,26,26,0,0
118944,29,29,25,3,1,25,25,0,0
25812,125,125,83,25,17,52,52,0,0
63023,85,85,70,14,1,68,68,0,0
158687,15,15,11,2,2,7,7,0,0
94934,58,58,48,7,3,41,41,0,0
41759,38,38,26,8,4,22,22,0,0
1929,18,18,16,1,1,15,15,0,0
3361,54,54,40,10,4,36,36,0,0
98151,75,75,53,15,7,37,37,0,0
78848,60,60,43,13,4,37,37,0,0
68427,34,34,27,4,3,25,25,0,0
33780,22,22,18,2,2,18,18,0,0
182146,10,10,8,1,1,8,8,0,0
33443,27,27,21,4,2,21,21,0,0
36678,10,10,7,1,2,5,5,0,0
238886,50,50,44,5,1,44,44,0,0
16892,92,92,67,17,8,62,62,0,0
38921,45,45,35,7,3,26,26,0,0
54172,21,21,17,2,2,16,16,0,0
166728,10,10,7,2,1,9,9,0,0
154961,25,25,19,4,2,16,16,0,0
264807,39,39,32,5,2,32,32,0,0
98159,40,40,33,4,3,31,31,0,0
147570,54,54,42,9,3,40,40,0,0
112416,24,24,17,5,2,15,15,0,0
23880,21,21,18,2,1,20,20,0,0
54189,36,36,33,2,1,33,33,0,0
86092,29,29,26,2,1,26,26,0,0
245950,41,41,31,6,4,29,29,0,0
103323,13,13,10,2,1,10,10,0,0
59856,19,19,16,2,1,15,15,0,0
69808,26,26,22,3,1,22,22,0,0
231612,58,58,50,7,1,48,48,0,0
99188,16,16,13,2,1,15,15,0,0
170921,33,33,29,3,1,29,29,0,0
110310,16,16,13,2,1,15,15,0,0
199541,18,18,14,2,2,14,14,0,0
24525,64,64,52,8,4,50,50,0,0
3199,66,66,44,14,8,37,37,0,0
28084,77,77,55,12,10,44,44,0,0
13131,26,26,22,3,1,21,21,0,0
93283,15,15,13,1,1,15,15,0,0
105636,91,91,61,19,11,48,48,0,0
96152,28,28,22,5,1,22,22,0,0
49777,138,138,97,28,13,63,63,0,0
126674,16,16,12,3,1,12,12,0,0
175340,43,43,40,2,1,40,40,0,0
13358,180,180,122,39,19,68,68,0,0
245966,35,35,30,4,1,30,30,0,0
168629,32,32,30,1,1,30,30,0,0
245985,32,32,22,6,4,11,11,0,0
88752,34,34,28,4,2,28,28,0,0
130036,22,22,18,3,1,18,18,0,0
154215,10,10,8,1,1,8,8,0,0
151093,11,11,9,1,1,11,11,0,0
72423,25,25,22,2,1,20,20,0,0
134588,61,61,51,7,3,48,48,0,0
53224,9,9,7,1,1,7,7,0,0
61595,30,30,25,4,1,22,22,0,0
86929,26,26,23,2,1,25,25,0,0
263595,11,11,9,1,1,11,11,0,0
105225,24,24,16,5,3,13,13,0,0
25890,13,13,11,1,1,11,11,0,0
7669,15,15,12,2,1,14,14,0,0
196885,15,15,13,1,1,15,15,0,0
72427,40,40,32,5,3,30,30,0,0
100246,37,37,33,3,1,33,33,0,0
47227,50,50,45,4,1,45,45,0,0
77397,20,20,14,4,2,13,13,0,0
179870,38,38,25,10,3,8,8,0,0
45166,50,50,38,9,3,37,37,0,0
238927,13,13,10,2,1,12,12,0,0
106609,18,18,16,1,1,16,16,0,0
130068,42,42,32,6,4,27,27,0,0
229001,24,24,21,2,1,23,23,0,0
108021,54,54,44,6,4,38,38,0,0
109216,41,41,29,7,5,27,27,0,0
194504,31,31,24,6,1,24,24,0,0
25181,84,84,64,14,6,44,44,0,0
27877,19,19,17,1,1,17,17,0,0
44805,92,92,68,16,8,45,45,0,0
3855,142,142,82,37,23,31,31,0,0
13115,59,59,44,10,5,36,36,0,0
242495,28,28,25,2,1,25,25,0,0
175338,54,54,44,5,5,42,42,0,0
191904,33,33,30,2,1,30,30,0,0
202455,45,45,36,6,3,27,27,0,0
164768,45,45,42,2,1,42,42,0,0
123037,40,40,35,4,1,32,32,0,0
197116,24,24,21,2,1,23,23,0,0
170372,17,17,13,3,1,12,12,0,0
158592,28,28,22,3,3,20,20,0,0
63284,27,27,20,4,3,19,19,0,0
142535,15,15,12,2,1,9,9,0,0
14948,48,48,34,12,2,34,34,0,0
139145,30,30,19,6,5,10,10,0,0
37184,104,104,92,9,3,88,88,0,0
136174,36,36,28,6,2,26,26,0,0
88312,14,14,12,1,1,10,10,0,0
257124,38,38,28,7,3,21,21,0,0
35789,83,83,62,13,8,54,54,0,0
210546,23,23,19,3,1,18,18,0,0
8066,39,39,31,7,1,31,31,0,0
32345,17,17,13,2,2,9,9,0,0
22975,18,18,15,2,1,14,14,0,0
89690,35,35,28,5,2,28,28,0,0
13598,37,37,28,7,2,27,27,0,0
133023,20,20,16,3,1,15,15,0,0
205172,32,32,24,6,2,23,23,0,0
41779,33,33,20,8,5,15,15,0,0
96736,12,12,10,1,1,10,10,0,0
229026,31,31,25,4,2,24,24,0,0
166784,48,48,36,8,4,33,33,0,0
1326,17,17,14,2,1,16,16,0,0
133026,40,40,32,5,3,29,29,0,0
41160,19,19,14,4,1,14,14,0,0
207789,52,52,46,5,1,45,45,0,0
175370,42,42,27,8,7,18,18,0,0
2228,66,66,48,11,7,34,34,0,0
173192,26,26,18,6,2,18,18,0,0
245883,32,32,23,6,3,17,17,0,0
77196,35,35,24,7,4,20,20,0,0
26730,57,57,41,10,6,32,32,0,0
10521,56,56,48,6,2,48,48,0,0
72276,31,31,27,3,1,26,26,0,0
207522,38,38,31,5,2,28,28,0,0
238919,32,32,24,4,4,20,20,0,0
8025,32,32,30,1,1,30,30,0,0
184653,20,20,15,3,2,15,15,0,0
166789,28,28,23,4,1,23,23,0,0
58912,24,24,19,4,1,18,18,0,0
177649,22,22,18,2,2,16,16,0,0
166774,7,7,4,2,1,6,6,0,0
127189,15,15,13,1,1,15,15,0,0
253389,8,8,6,1,1,8,8,0,0
228279,7,7,4,2,1,6,6,0,0
246054,20,20,18,1,1,20,20,0,0
140869,13,13,10,2,1,12,12,0,0
134591,50,50,42,6,2,40,40,0,0
89652,20,20,18,1,1,18,18,0,0
46216,21,21,18,2,1,20,20,0,0
56325,51,51,39,6,6,32,32,0,0
100253,19,19,16,2,1,16,16,0,0
24045,112,112,73,26,13,46,46,0,0
38935,32,32,28,3,1,27,27,0,0
162687,9,9,7,1,1,6,6,0,0
52788,20,20,16,3,1,16,16,0,0
110258,14,14,11,2,1,13,13,0,0
202237,19,19,15,2,2,14,14,0,0
210759,12,12,8,2,2,8,8,0,0
16073,178,178,120,40,18,77,77,0,0
1304,281,281,198,55,28,150,150,0,0
22446,11,11,9,1,1,9,9,0,0
108010,15,15,11,2,2,11,11,0,0
232329,45,45,38,4,3,37,37,0,0
144227,25,25,23,1,1,23,23,0,0
957,148,148,104,28,16,83,83,0,0
63847,104,104,74,17,13,53,53,0,0
87863,47,47,39,5,3,35,35,0,0
97027,11,11,9,1,1,9,9,0,0
7087,42,42,34,7,1,34,34,0,0
241341,15,15,13,1,1,12,12,0,0
71167,54,54,41,10,3,37,37,0,0
202519,23,23,17,4,2,12,12,0,0
213607,17,17,14,2,1,16,16,0,0
194559,17,17,14,2,1,14,14,0,0
260918,10,10,8,1,1,10,10,0,0
122793,26,26,19,5,2,18,18,0,0
173219,23,23,17,5,1,17,17,0,0
249567,16,16,14,1,1,16,16,0,0
119018,61,61,47,10,4,39,39,0,0
207931,32,32,27,4,1,26,26,0,0
85251,51,51,37,9,5,35,35,0,0
12482,105,105,74,20,11,57,57,0,0
235656,35,35,31,3,1,29,29,0,0
264888,27,27,24,2,1,24,24,0,0
38081,12,12,9,2,1,11,11,0,0
207836,16,16,13,2,1,15,15,0,0
101306,39,39,31,5,3,30,30,0,0
207891,23,23,20,2,1,20,20,0,0
244732,19,19,16,2,1,16,16,0,0
50570,23,23,20,2,1,22,22,0,0
45950,16,16,13,2,1,13,13,0,0
129326,30,30,27,2,1,27,27,0,0
189223,21,21,17,2,2,15,15,0,0
166303,27,27,24,2,1,24,24,0,0
113936,65,65,51,9,5,46,46,0,0
253482,31,31,23,5,3,22,22,0,0
235078,12,12,10,1,1,12,12,0,0
56573,18,18,16,1,1,16,16,0,0
57107,33,33,29,3,1,29,29,0,0
213640,20,20,17,2,1,17,17,0,0
18277,71,71,51,14,6,34,34,0,0
149528,29,29,22,5,2,20,20,0,0
261005,33,33,28,4,1,27,27,0,0
265005,37,37,30,5,2,30,30,0,0
197208,64,64,51,9,4,49,49,0,0
202453,24,24,19,3,2,17,17,0,0
19914,16,16,14,1,1,16,16,0,0
70554,20,20,16,3,1,16,16,0,0
164832,70,70,56,8,6,52,52,0,0
60596,110,110,75,24,11,53,53,0,0
2504,30,30,24,5,1,24,24,0,0
213636,13,13,11,1,1,13,13,0,0
18633,49,49,36,9,4,32,32,0,0
204737,36,36,30,5,1,28,28,0,0
25014,21,21,18,2,1,18,18,0,0
83628,61,61,44,11,6,39,39,0,0
59514,15,15,12,2,1,11,11,0,0
14187,27,27,22,4,1,22,22,0,0
29748,57,57,45,9,3,43,43,0,0
18045,125,125,105,15,5,102,102,0,0
219530,47,47,35,9,3,35,35,0,0
202495,28,28,26,1,1,26,26,0,0
13269,34,34,32,1,1,32,32,0,0
6509,19,19,15,3,1,14,14,0,0
119033,25,25,21,3,1,20,20,0,0
127226,35,35,29,4,2,28,28,0,0
8876,15,15,13,1,1,13,13,0,0
235239,23,23,19,3,1,19,19,0,0
144270,29,29,21,5,3,18,18,0,0
197228,31,31,29,1,1,29,29,0,0
78157,91,91,67,17,7,46,46,0,0
85243,6,6,4,1,1,6,6,0,0
144278,63,63,56,4,3,54,54,0,0
61108,26,26,20,4,2,19,19,0,0
184445,13,13,11,1,1,11,11,0,0
33557,90,90,66,16,8,58,58,0,0
199577,23,23,21,1,1,23,23,0,0
213700,50,50,33,11,6,26,26,0,0
27216,13,13,11,1,1,13,13,0,0
17641,97,97,85,10,2,84,84,0,0
73878,26,26,23,2,1,23,23,0,0
87016,19,19,17,1,1,16,16,0,0
97189,8,8,5,2,1,7,7,0,0
210825,20,20,18,1,1,18,18,0,0
20072,15,15,13,1,1,13,13,0,0
202475,18,18,12,4,2,11,11,0,0
222806,46,46,39,5,2,37,37,0,0
23888,80,80,59,15,6,52,52,0,0
74605,26,26,18,5,3,15,15,0,0
60087,90,90,82,6,2,80,80,0,0
160757,34,34,31,2,1,31,31,0,0
182327,35,35,28,6,1,28,28,0,0
103458,29,29,26,2,1,26,26,0,0
38934,50,50,41,6,3,35,35,0,0
162738,31,31,25,3,3,21,21,0,0
171108,42,42,33,6,3,30,30,0,0
50643,26,26,19,6,1,19,19,0,0
151365,12,12,10,1,1,12,12,0,0
102422,42,42,35,6,1,34,34,0,0
55120,15,15,12,2,1,12,12,0,0
5948,147,147,106,29,12,90,90,0,0
71769,12,12,8,3,1,8,8,0,0
78162,40,40,27,10,3,22,22,0,0
210835,43,43,38,4,1,38,38,0,0
239089,21,21,18,2,1,20,20,0,0
7177,57,57,48,7,2,47,47,0,0
34305,58,58,44,8,6,37,37,0,0
130136,28,28,18,6,4,11,11,0,0
164870,40,40,34,5,1,32,32,0,0
202612,38,38,26,7,5,15,15,0,0
191885,36,36,24,9,3,14,14,0,0
96216,56,56,49,5,2,49,49,0,0
69904,82,82,63,13,6,56,56,0,0
166855,33,33,31,1,1,31,31,0,0
208037,47,47,42,4,1,42,42,0,0
249825,32,32,23,6,3,18,18,0,0
213509,8,8,6,1,1,8,8,0,0
116439,26,26,24,1,1,24,24,0,0
194637,19,19,15,2,2,13,13,0,0
144247,11,11,8,2,1,10,10,0,0
192026,34,34,30,3,1,30,30,0,0
2739,14,14,11,2,1,13,13,0,0
117718,9,9,6,2,1,8,8,0,0
10032,92,92,84,7,1,84,84,0,0
153267,10,10,7,2,1,6,6,0,0
81193,32,32,26,3,3,25,25,0,0
29467,16,16,14,1,1,14,14,0,0
86171,94,94,74,14,6,65,65,0,0
69290,100,100,80,16,4,77,77,0,0
95275,12,12,10,1,1,12,12,0,0
2862,231,231,159,47,25,121,121,0,0
14106,102,102,67,22,13,52,52,0,0
199279,17,17,15,1,1,17,17,0,0
110425,18,18,15,2,1,14,14,0,0
127220,20,20,17,2,1,17,17,0,0
156552,24,24,22,1,1,22,22,0,0
41798,109,109,88,16,5,88,88,0,0
202640,11,11,9,1,1,11,11,0,0
120395,35,35,25,7,3,19,19,0,0
184726,52,52,40,7,5,34,34,0,0
36129,26,26,21,4,1,21,21,0,0
49801,35,35,28,5,2,27,27,0,0
33298,46,46,35,8,3,32,32,0,0
93289,51,51,42,7,2,41,41,0,0
101275,27,27,24,2,1,24,24,0,0
55138,35,35,22,9,4,17,17,0,0
232448,15,15,10,3,2,9,9,0,0
75364,35,35,27,6,2,26,26,0,0
226045,34,34,26,7,1,23,23,0,0
90629,47,47,37,7,3,35,35,0,0
6909,69,69,46,14,9,37,37,0,0
187123,11,11,9,1,1,11,11,0,0
92394,23,23,19,3,1,18,18,0,0
245909,16,16,12,2,2,12,12,0,0
261186,31,31,24,5,2,23,23,0,0
226049,32,32,25,5,2,25,25,0,0
28914,30,30,24,5,1,22,22,0,0
9975,8,8,6,1,1,8,8,0,0
47812,20,20,18,1,1,20,20,0,0
192111,34,34,28,4,2,28,28,0,0
109286,27,27,21,4,2,20,20,0,0
106573,43,43,39,3,1,39,39,0,0
14680,21,21,18,2,1,18,18,0,0
67438,11,11,9,1,1,11,11,0,0
226016,9,9,6,2,1,8,8,0,0
90501,29,29,27,1,1,27,27,0,0
92407,28,28,25,2,1,24,24,0,0
72463,17,17,13,3,1,12,12,0,0
180049,11,11,8,2,1,10,10,0,0
208000,16,16,14,1,1,14,14,0,0
147728,14,14,12,1,1,12,12,0,0
164843,5,5,2,2,1,4,4,0,0
257357,41,41,33,6,2,28,28,0,0
92413,15,15,12,2,1,14,14,0,0
3559,33,33,26,5,2,24,24,0,0
87912,19,19,15,2,2,13,13,0,0
147717,24,24,21,2,1,23,23,0,0
1623,57,57,38,11,8,30,30,0,0
171109,24,24,21,2,1,23,23,0,0
77930,6,6,4,1,1,6,6,0,0
205344,20,20,16,3,1,11,11,0,0
155118,41,41,31,8,2,26,26,0,0
60490,42,42,34,7,1,34,34,0,0
242773,16,16,13,2,1,12,12,0,0
63277,31,31,29,1,1,29,29,0,0
205351,27,27,19,5,3,19,19,0,0
118798,10,10,8,1,1,10,10,0,0
44483,37,37,34,2,1,36,36,0,0
208110,61,61,37,14,10,25,25,0,0
114003,31,31,27,3,1,27,27,0,0
87051,21,21,15,3,3,13,13,0,0
83674,34,34,25,7,2,24,24,0,0
78111,9,9,6,2,1,8,8,0,0
74568,84,84,59,20,5,45,45,0,0
10968,10,10,8,1,1,8,8,0,0
3307,29,29,23,5,1,23,23,0,0
6624,15,15,12,2,1,14,14,0,0
53742,13,13,11,1,1,9,9,0,0
140950,18,18,14,3,1,12,12,0,0
117764,11,11,8,2,1,8,8,0,0
2978,132,132,96,28,8,85,85,0,0
182303,12,12,10,1,1,10,10,0,0
260729,18,18,16,1,1,16,16,0,0
162809,24,24,21,2,1,21,21,0,0
51349,30,30,24,4,2,22,22,0,0
125953,38,38,35,2,1,35,35,0,0
171186,98,98,61,27,10,8,8,0,0
79653,49,49,43,4,2,43,43,0,0
257358,37,37,28,7,2,28,28,0,0
32825,21,21,17,2,2,16,16,0,0
246052,10,10,7,2,1,9,9,0,0
90632,18,18,14,3,1,13,13,0,0
149620,34,34,28,4,2,26,26,0,0
149617,26,26,21,4,1,19,19,0,0
87925,5,5,2,2,1,4,4,0,0
205383,42,42,40,1,1,40,40,0,0
219805,13,13,8,3,2,6,6,0,0
7035,16,16,11,3,2,7,7,0,0
55151,100,100,66,22,12,57,57,0,0
169071,35,35,23,8,4,13,13,0,0
141066,47,47,34,7,6,28,28,0,0
94361,8,8,5,2,1,7,7,0,0
123153,39,39,35,3,1,35,35,0,0
253599,23,23,16,3,4,12,12,0,0
121753,31,31,23,4,4,22,22,0,0
162311,34,34,25,6,3,25,25,0,0
261274,44,44,36,6,2,34,34,0,0
232562,6,6,3,2,1,5,5,0,0
111371,14,14,11,2,1,10,10,0,0
153338,20,20,17,2,1,17,17,0,0
17397,36,36,27,6,3,24,24,0,0
2189,10,10,8,1,1,8,8,0,0
106936,71,71,56,11,4,51,51,0,0
153346,19,19,14,3,2,12,12,0,0
137920,52,52,48,3,1,48,48,0,0
250047,39,39,34,4,1,34,34,0,0
46639,100,100,70,21,9,43,43,0,0
9111,158,158,123,25,10,117,117,0,0
97286,41,41,28,10,3,25,25,0,0
253761,56,56,41,11,4,25,25,0,0
211016,22,22,16,4,2,11,11,0,0
147802,76,76,49,20,7,46,46,0,0
87944,82,82,59,14,9,47,47,0,0
77334,28,28,22,4,2,16,16,0,0
115263,41,41,36,2,3,33,33,0,0
71781,16,16,12,2,2,10,10,0,0
194150,24,24,20,2,2,20,20,0,0
222321,36,36,29,5,2,29,29,0,0
156937,60,60,45,11,4,45,45,0,0
257420,19,19,16,2,1,15,15,0,0
20856,27,27,24,2,1,22,22,0,0
222998,33,33,25,5,3,20,20,0,0
10486,34,34,25,5,4,25,25,0,0
82055,16,16,13,2,1,13,13,0,0
189683,31,31,27,3,1,27,27,0,0
232592,34,34,26,5,3,21,21,0,0
103495,53,53,48,4,1,46,46,0,0
245692,39,39,30,6,3,21,21,0,0
184880,34,34,27,6,1,27,27,0,0
82056,46,46,36,6,4,32,32,0,0
155178,75,75,67,7,1,67,67,0,0
84519,11,11,9,1,1,9,9,0,0
146087,18,18,15,2,1,15,15,0,0
192131,30,30,22,5,3,14,14,0,0
142749,38,38,30,6,2,28,28,0,0
289,62,62,44,10,8,38,38,0,0
153359,42,42,36,3,3,34,34,0,0
31672,122,122,88,23,11,54,54,0,0
18402,52,52,36,11,5,23,23,0,0
239290,18,18,16,1,1,16,16,0,0
76811,25,25,18,4,3,13,13,0,0
50623,112,112,82,20,10,63,63,0,0
67468,34,34,24,7,3,10,10,0,0
61138,61,61,46,10,5,43,43,0,0
173339,42,42,39,2,1,39,39,0,0
197408,27,27,15,7,5,7,7,0,0
89773,25,25,23,1,1,23,23,0,0
64513,98,98,88,7,3,86,86,0,0
114043,47,47,37,8,2,36,36,0,0
235954,44,44,34,5,5,30,30,0,0
117800,74,74,50,17,7,21,21,0,0
9581,25,25,19,4,2,19,19,0,0
105592,53,53,50,2,1,52,52,0,0
182492,10,10,7,2,1,9,9,0,0
142756,39,39,34,4,1,33,33,0,0
200021,18,18,15,2,1,15,15,0,0
30095,6,6,3,2,1,3,3,0,0
48638,22,22,14,5,3,13,13,0,0
208202,21,21,18,1,2,16,16,0,0
192119,34,34,23,7,4,18,18,0,0
133157,44,44,36,7,1,36,36,0,0
76783,31,31,28,2,1,30,30,0,0
192251,34,34,26,4,4,23,23,0,0
66214,11,11,9,1,1,11,11,0,0
132971,11,11,7,3,1,7,7,0,0
102439,83,83,56,18,9,26,26,0,0
165003,59,59,46,9,4,43,43,0,0
13869,96,96,70,16,10,50,50,0,0
47402,17,17,15,1,1,17,17,0,0
101414,42,42,36,5,1,35,35,0,0
15565,12,12,8,2,2,6,6,0,0
162892,42,42,26,12,4,5,5,0,0
194861,26,26,20,4,2,19,19,0,0
120093,27,27,23,3,1,23,23,0,0
142771,32,32,30,1,1,30,30,0,0
78184,49,49,42,5,2,42,42,0,0
6541,43,43,35,6,2,34,34,0,0
157041,39,39,33,4,2,32,32,0,0
111541,18,18,16,1,1,16,16,0,0
194869,43,43,34,6,3,31,31,0,0
31452,88,88,67,14,7,58,58,0,0
47826,15,15,12,2,1,14,14,0,0
158958,17,17,13,3,1,13,13,0,0
69328,48,48,38,9,1,38,38,0,0
12012,14,14,11,2,1,13,13,0,0
239386,13,13,10,2,1,10,10,0,0
27098,23,23,20,2,1,22,22,0,0
153382,19,19,14,4,1,14,14,0,0
36409,22,22,20,1,1,20,20,0,0
213980,29,29,24,4,1,24,24,0,0
19569,14,14,12,1,1,12,12,0,0
27066,12,12,10,1,1,10,10,0,0
123200,14,14,11,2,1,13,13,0,0
22458,106,106,79,20,7,55,55,0,0
87103,14,14,12,1,1,14,14,0,0
18164,14,14,12,1,1,14,14,0,0
158973,46,46,36,9,1,31,31,0,0
246546,63,63,41,15,7,16,16,0,0
213576,19,19,17,1,1,17,17,0,0
174836,15,15,12,2,1,14,14,0,0
25178,28,28,20,5,3,16,16,0,0
111406,33,33,28,4,1,27,27,0,0
205526,29,29,26,2,1,26,26,0,0
236076,29,29,20,4,5,16,16,0,0
229448,16,16,14,1,1,16,16,0,0
37802,33,33,24,5,4,21,21,0,0
246565,32,32,23,5,4,13,13,0,0
85338,6,6,4,1,1,6,6,0,0
34315,61,61,49,9,3,49,49,0,0
257654,28,28,24,3,1,24,24,0,0
109337,35,35,27,5,3,27,27,0,0
200194,52,52,37,9,6,31,31,0,0
226142,11,11,9,1,1,11,11,0,0
76820,48,48,41,4,3,39,39,0,0
180238,22,22,19,2,1,19,19,0,0
16460,125,125,87,22,16,74,74,0,0
104443,46,46,33,9,4,26,26,0,0
246617,40,40,32,5,3,29,29,0,0
171248,33,33,30,2,1,32,32,0,0
124620,67,67,49,13,5,45,45,0,0
42793,32,32,22,5,5,20,20,0,0
87991,27,27,22,3,2,20,20,0,0
149766,32,32,25,4,3,24,24,0,0
136436,61,61,46,11,4,44,44,0,0
134846,45,45,31,8,6,26,26,0,0
253993,41,41,39,1,1,39,39,0,0
48575,22,22,19,2,1,18,18,0,0
7667,16,16,14,1,1,16,16,0,0
296,249,249,209,32,8,206,206,0,0
205595,30,30,25,4,1,25,25,0,0
192172,30,30,21,6,3,15,15,0,0
53779,14,14,11,2,1,13,13,0,0
253985,5,5,3,1,1,5,5,0,0
164380,7,7,4,2,1,6,6,0,0
6791,75,75,56,12,7,49,49,0,0
178015,39,39,37,1,1,37,37,0,0
55191,76,76,49,20,7,19,19,0,0
96344,71,71,49,15,7,24,24,0,0
264306,17,17,12,3,2,9,9,0,0
104774,59,59,50,8,1,48,48,0,0
32841,10,10,7,2,1,9,9,0,0
37841,71,71,47,14,10,40,40,0,0
205567,6,6,3,2,1,2,2,0,0
22320,75,75,49,19,7,21,21,0,0
2371,212,212,145,42,25,120,120,0,0
1256,166,166,106,35,25,57,57,0,0
19579,27,27,24,2,1,24,24,0,0
28120,102,102,83,14,5,82,82,0,0
82921,52,52,39,9,4,32,32,0,0
111692,51,51,39,8,4,37,37,0,0
239480,15,15,12,2,1,12,12,0,0
66263,57,57,39,11,7,30,30,0,0
30163,53,53,37,9,7,36,36,0,0
100444,14,14,11,2,1,13,13,0,0
63938,58,58,38,13,7,33,33,0,0
169220,39,39,32,4,3,26,26,0,0
79003,78,78,56,15,7,48,48,0,0
121908,43,43,35,6,2,33,33,0,0
8253,23,23,21,1,1,21,21,0,0
57172,13,13,10,2,1,12,12,0,0
144520,32,32,30,1,1,30,30,0,0
97359,44,44,39,4,1,39,39,0,0
178074,14,14,11,2,1,13,13,0,0
239425,16,16,14,1,1,14,14,0,0
65679,31,31,20,7,4,14,14,0,0
19671,62,62,47,11,4,44,44,0,0
1164,112,112,69,26,17,41,41,0,0
265707,31,31,23,5,3,19,19,0,0
232929,39,39,31,6,2,26,26,0,0
123259,49,49,40,7,2,29,29,0,0
134879,9,9,5,3,1,5,5,0,0
149607,39,39,28,7,4,25,25,0,0
157048,62,62,49,8,5,49,49,0,0
220176,38,38,25,8,5,12,12,0,0
16550,142,142,98,30,14,62,62,0,0
55180,26,26,17,6,3,17,17,0,0
124671,20,20,14,3,3,11,11,0,0
49607,33,33,30,2,1,30,30,0,0
246778,34,34,25,8,1,25,25,0,0
29140,35,35,33,1,1,33,33,0,0
223095,37,37,31,4,2,28,28,0,0
213330,31,31,29,1,1,29,29,0,0
68106,25,25,22,2,1,22,22,0,0
31009,12,12,10,1,1,12,12,0,0
130318,7,7,4,2,1,6,6,0,0
108262,43,43,40,2,1,40,40,0,0
128959,50,50,45,4,1,45,45,0,0
116605,33,33,29,3,1,29,29,0,0
211221,19,19,14,3,2,13,13,0,0
236301,40,40,34,5,1,34,34,0,0
36723,76,76,56,16,4,46,46,0,0
114154,78,78,43,20,15,19,19,0,0
32621,49,49,40,6,3,40,40,0,0
112947,47,47,43,3,1,41,41,0,0
220219,35,35,28,5,2,24,24,0,0
225700,15,15,12,2,1,14,14,0,0
89865,33,33,24,6,3,24,24,0,0
6067,52,52,39,8,5,34,34,0,0
3349,95,95,66,18,11,45,45,0,0
38114,30,30,24,4,2,22,22,0,0
19441,72,72,56,13,3,53,53,0,0
41091,30,30,26,2,2,23,23,0,0
128968,46,46,34,8,4,28,28,0,0
160998,52,52,44,6,2,42,42,0,0
134902,32,32,23,7,2,17,17,0,0
76143,41,41,31,7,3,26,26,0,0
70022,15,15,13,1,1,13,13,0,0
16581,98,98,68,17,13,57,57,0,0
86191,10,10,8,1,1,10,10,0,0
32629,46,46,36,7,3,33,33,0,0
195117,39,39,30,4,5,26,26,0,0
43495,53,53,39,11,3,37,37,0,0
261248,10,10,7,2,1,9,9,0,0
195121,24,24,20,3,1,20,20,0,0
30794,32,32,24,7,1,24,24,0,0
56681,64,64,46,13,5,29,29,0,0
38133,105,105,75,19,11,65,65,0,0
257942,21,21,16,3,2,16,16,0,0
157242,36,36,33,2,1,33,33,0,0
246876,18,18,16,1,1,16,16,0,0
192258,61,61,45,10,6,34,34,0,0
90634,60,60,48,7,5,46,46,0,0
3524,29,29,18,6,5,15,15,0,0
205748,49,49,46,2,1,48,48,0,0
175856,18,18,14,2,2,12,12,0,0
90754,48,48,37,9,2,37,37,0,0
171433,38,38,33,4,1,31,31,0,0
128939,23,23,18,3,2,16,16,0,0
42177,31,31,26,3,2,22,22,0,0
82985,28,28,24,3,1,22,22,0,0
221735,36,36,28,5,3,26,26,0,0
217223,33,33,24,5,4,19,19,0,0
112941,23,23,20,2,1,20,20,0,0
89811,28,28,18,6,4,16,16,0,0
127507,11,11,8,2,1,10,10,0,0
4000,48,48,43,4,1,43,43,0,0
24864,142,142,102,28,12,80,80,0,0
148024,46,46,43,2,1,41,41,0,0
191599,21,21,15,4,2,13,13,0,0
26006,27,27,24,2,1,24,24,0,0
226436,12,12,10,1,1,9,9,0,0
88844,35,35,29,5,1,29,29,0,0
8568,131,131,96,25,10,89,89,0,0
197727,23,23,18,4,1,17,17,0,0
103595,11,11,8,2,1,10,10,0,0
144530,14,14,12,1,1,12,12,0,0
229640,21,21,19,1,1,19,19,0,0
195027,25,25,21,2,2,19,19,0,0
242981,13,13,10,2,1,7,7,0,0
95427,41,41,29,9,3,23,23,0,0
141300,21,21,19,1,1,19,19,0,0
161035,12,12,9,2,1,11,11,0,0
133948,28,28,24,3,1,24,24,0,0
120589,33,33,28,3,2,26,26,0,0
93193,6,6,3,2,1,5,5,0,0
128967,32,32,27,4,1,27,27,0,0
60831,34,34,24,7,3,22,22,0,0
100412,11,11,8,2,1,10,10,0,0
77520,31,31,25,4,2,18,18,0,0
250345,12,12,9,2,1,11,11,0,0
30378,43,43,35,6,2,34,34,0,0
41534,89,89,70,13,6,68,68,0,0
61130,20,20,17,2,1,17,17,0,0
232813,17,17,14,2,1,16,16,0,0
232957,21,21,17,3,1,17,17,0,0
33591,34,34,26,5,3,26,26,0,0
133329,8,8,5,2,1,7,7,0,0
155279,19,19,15,3,1,14,14,0,0
97906,46,46,38,7,1,37,37,0,0
164968,33,33,27,4,2,26,26,0,0
233036,9,9,7,1,1,9,9,0,0
117968,31,31,23,5,3,16,16,0,0
85430,13,13,11,1,1,11,11,0,0
110626,27,27,18,6,3,16,16,0,0
79052,71,71,59,8,4,57,57,0,0
151732,9,9,6,2,1,8,8,0,0
243225,18,18,15,2,1,17,17,0,0
265946,30,30,22,6,2,22,22,0,0
30543,28,28,25,2,1,27,27,0,0
220359,25,25,21,3,1,21,21,0,0
76165,63,63,55,4,4,50,50,0,0
65124,39,39,31,5,3,27,27,0,0
110636,22,22,18,3,1,15,15,0,0
155197,12,12,8,3,1,8,8,0,0
104833,30,30,22,5,3,14,14,0,0
107135,43,43,38,4,1,38,38,0,0
105946,14,14,12,1,1,12,12,0,0
200522,43,43,36,6,1,36,36,0,0
139680,49,49,38,8,3,32,32,0,0
65695,24,24,16,6,2,16,16,0,0
57732,29,29,24,3,2,24,24,0,0
208656,4,4,2,1,1,4,4,0,0
14502,18,18,15,2,1,15,15,0,0
117969,20,20,17,2,1,17,17,0,0
31004,54,54,38,11,5,34,34,0,0
42027,25,25,22,2,1,24,24,0,0
120671,32,32,29,2,1,31,31,0,0
82883,19,19,12,4,3,10,10,0,0
250710,28,28,25,2,1,27,27,0,0
55210,20,20,14,4,2,9,9,0,0
123172,24,24,21,2,1,23,23,0,0
101296,74,74,53,15,6,42,42,0,0
6342,170,170,104,42,24,37,37,0,0
195236,38,38,23,8,7,15,15,0,0
126196,51,51,43,5,3,42,42,0,0
171577,21,21,15,5,1,15,15,0,0
16809,109,109,78,19,12,68,68,0,0
175962,33,33,25,6,2,25,25,0,0
163215,50,50,42,6,2,42,42,0,0
4119,54,54,35,11,8,25,25,0,0
236509,13,13,11,1,1,11,11,0,0
174756,5,5,3,1,1,5,5,0,0
203085,27,27,24,2,1,26,26,0,0
192640,8,8,6,1,1,6,6,0,0
3209,18,18,15,2,1,15,15,0,0
48263,63,63,47,12,4,45,45,0,0
51533,51,51,40,7,4,39,39,0,0
148118,28,28,25,2,1,25,25,0,0
103700,24,24,18,4,2,17,17,0,0
211548,68,68,45,14,9,28,28,0,0
165259,39,39,31,5,3,28,28,0,0
9165,50,50,42,7,1,42,42,0,0
8490,24,24,21,2,1,23,23,0,0
19690,33,33,22,6,5,16,16,0,0
54295,80,80,48,24,8,1,1,0,0
197642,5,5,3,1,1,5,5,0,0
125956,42,42,28,10,4,13,13,0,0
134992,42,42,39,2,1,39,39,0,0
239984,23,23,20,2,1,17,17,0,0
211560,10,10,7,2,1,9,9,0,0
33013,53,53,38,10,5,32,32,0,0
122029,19,19,16,2,1,16,16,0,0
223574,55,55,52,2,1,52,52,0,0
266091,21,21,18,2,1,18,18,0,0
19222,6,6,4,1,1,4,4,0,0
131923,43,43,36,5,2,33,33,0,0
81557,20,20,17,2,1,16,16,0,0
266112,38,38,26,6,6,22,22,0,0
27236,79,79,56,17,6,50,50,0,0
157374,15,15,9,3,3,5,5,0,0
258051,23,23,19,2,2,17,17,0,0
171635,40,40,29,7,4,22,22,0,0
262147,33,33,20,9,4,5,5,0,0
220461,31,31,21,7,3,21,21,0,0
4239,308,308,198,71,39,111,111,0,0
39625,67,67,53,10,4,45,45,0,0
167062,11,11,9,1,1,11,11,0,0
94513,8,8,6,1,1,8,8,0,0
203272,32,32,30,1,1,30,30,0,0
197814,12,12,7,3,2,6,6,0,0
208384,15,15,12,2,1,14,14,0,0
848,762,762,484,203,75,130,130,0,0
197930,12,12,9,2,1,11,11,0,0
220493,21,21,18,2,1,18,18,0,0
236590,13,13,11,1,1,13,13,0,0
5307,34,34,32,1,1,32,32,0,0
211555,17,17,14,2,1,14,14,0,0
254574,25,25,22,2,1,24,24,0,0
243608,15,15,13,1,1,12,12,0,0
60712,12,12,9,2,1,11,11,0,0
143019,21,21,17,3,1,17,17,0,0
243596,46,46,35,5,6,31,31,0,0
165359,20,20,16,2,2,14,14,0,0
240049,43,43,36,4,3,34,34,0,0
99511,19,19,16,2,1,18,18,0,0
179735,4,4,2,1,1,4,4,0,0
143069,17,17,12,4,1,11,11,0,0
103713,9,9,7,1,1,7,7,0,0
220441,9,9,7,1,1,7,7,0,0
253264,26,26,24,1,1,26,26,0,0
38585,18,18,15,2,1,15,15,0,0
205931,21,21,16,4,1,15,15,0,0
236643,20,20,16,2,2,15,15,0,0
83819,38,38,28,6,4,23,23,0,0
1014,33,33,28,3,2,28,28,0,0
138227,20,20,17,2,1,17,17,0,0
12872,48,48,43,4,1,40,40,0,0
88010,15,15,12,2,1,12,12,0,0
44557,91,91,62,17,12,54,54,0,0
163304,50,50,28,16,6,25,25,0,0
199907,13,13,10,2,1,12,12,0,0
226221,21,21,12,4,5,8,8,0,0
10530,17,17,15,1,1,15,15,0,0
49386,16,16,13,2,1,15,15,0,0
5845,23,23,19,3,1,19,19,0,0
74792,74,74,57,9,8,49,49,0,0
43166,50,50,38,9,3,35,35,0,0
108393,68,68,59,6,3,58,58,0,0
182818,40,40,31,6,3,31,31,0,0
195375,21,21,15,4,2,14,14,0,0
178368,58,58,51,5,2,48,48,0,0
151852,29,29,20,5,4,18,18,0,0
82971,10,10,7,2,1,9,9,0,0
2390,25,25,23,1,1,25,25,0,0
88976,22,22,17,4,1,17,17,0,0
3519,16,16,14,1,1,14,14,0,0
118049,69,69,63,5,1,63,63,0,0
197870,28,28,23,4,1,22,22,0,0
195402,28,28,22,5,1,19,19,0,0
89553,5,5,3,1,1,5,5,0,0
89905,24,24,21,2,1,20,20,0,0
63360,82,82,61,16,5,52,52,0,0
182965,50,50,48,1,1,50,50,0,0
250880,17,17,15,1,1,15,15,0,0
163330,25,25,19,5,1,19,19,0,0
94569,45,45,39,5,1,39,39,0,0
109573,25,25,16,5,4,14,14,0,0
55445,13,13,11,1,1,13,13,0,0
150050,20,20,13,5,2,13,13,0,0
103741,49,49,33,10,6,17,17,0,0
8780,28,28,23,4,1,21,21,0,0
18394,15,15,13,1,1,15,15,0,0
86347,9,9,7,1,1,7,7,0,0
39028,75,75,46,18,11,26,26,0,0
157394,33,33,22,8,3,19,19,0,0
247278,20,20,16,3,1,13,13,0,0
14355,93,93,59,19,15,37,37,0,0
61750,29,29,25,3,1,25,25,0,0
208888,36,36,34,1,1,34,34,0,0
52438,108,108,85,16,7,76,76,0,0
16746,46,46,36,7,3,35,35,0,0
9860,31,31,27,3,1,24,24,0,0
25593,24,24,22,1,1,22,22,0,0
123439,46,46,38,7,1,38,38,0,0
22608,39,39,33,5,1,33,33,0,0
80609,92,92,63,19,10,42,42,0,0
2135,58,58,36,15,7,19,19,0,0
80605,69,69,57,8,4,44,44,0,0
262328,16,16,13,2,1,15,15,0,0
5358,22,22,17,4,1,17,17,0,0
46324,21,21,18,2,1,20,20,0,0
39997,68,68,54,10,4,50,50,0,0
203457,26,26,23,2,1,23,23,0,0
79510,19,19,16,2,1,18,18,0,0
176132,50,50,36,10,4,31,31,0,0
5276,16,16,14,1,1,16,16,0,0
183033,18,18,15,2,1,15,15,0,0
16288,22,22,19,2,1,21,21,0,0
8464,21,21,19,1,1,21,21,0,0
151,19,19,17,1,1,19,19,0,0
55249,18,18,15,2,1,14,14,0,0
233489,36,36,32,3,1,32,32,0,0
79065,28,28,26,1,1,25,25,0,0
197980,30,30,21,6,3,19,19,0,0
258489,14,14,9,3,2,9,9,0,0
165425,19,19,17,1,1,19,19,0,0
206121,16,16,11,4,1,10,10,0,0
109603,52,52,37,10,5,23,23,0,0
178435,45,45,36,6,3,35,35,0,0
233512,27,27,23,3,1,23,23,0,0
10337,71,71,44,17,10,20,20,0,0
5511,65,65,41,16,8,27,27,0,0
200811,39,39,30,7,2,30,30,0,0
109609,25,25,23,1,1,21,21,0,0
133548,26,26,23,2,1,25,25,0,0
214730,4,4,2,1,1,4,4,0,0
153836,23,23,19,3,1,17,17,0,0
180736,10,10,7,2,1,9,9,0,0
127737,52,52,35,11,6,33,33,0,0
169014,19,19,17,1,1,17,17,0,0
141426,14,14,11,2,1,13,13,0,0
12608,29,29,27,1,1,26,26,0,0
31728,8,8,6,1,1,6,6,0,0
105361,25,25,21,3,1,21,21,0,0
236869,19,19,16,2,1,18,18,0,0
266204,27,27,24,2,1,24,24,0,0
176201,27,27,25,1,1,27,27,0,0
254874,37,37,30,5,2,28,28,0,0
197893,11,11,9,1,1,11,11,0,0
11160,70,70,62,7,1,62,62,0,0
111894,58,58,37,13,8,19,19,0,0
21051,41,41,35,5,1,35,35,0,0
93620,26,26,24,1,1,24,24,0,0
123495,9,9,7,1,1,9,9,0,0
144834,20,20,13,4,3,10,10,0,0
75507,37,37,26,6,5,22,22,0,0
243925,30,30,27,2,1,26,26,0,0
211862,46,46,38,7,1,36,36,0,0
122134,33,33,28,4,1,28,28,0,0
72632,43,43,38,4,1,37,37,0,0
187922,18,18,15,2,1,17,17,0,0
180802,81,81,57,17,7,43,43,0,0
214796,26,26,23,2,1,23,23,0,0
174017,38,38,35,2,1,35,35,0,0
173680,10,10,8,1,1,8,8,0,0
96539,32,32,29,2,1,29,29,0,0
83083,33,33,25,5,3,22,22,0,0
206211,16,16,12,2,2,10,10,0,0
90005,24,24,17,5,2,17,17,0,0
50740,88,88,71,13,4,69,69,0,0
39315,8,8,6,1,1,6,6,0,0
153883,16,16,13,2,1,15,15,0,0
79128,7,7,5,1,1,7,7,0,0
74111,63,63,39,16,8,13,13,0,0
107292,37,37,30,6,1,30,30,0,0
87305,70,70,58,8,4,56,56,0,0
254976,38,38,32,5,1,32,32,0,0
173022,37,37,29,5,3,27,27,0,0
86422,45,45,28,11,6,15,15,0,0
195623,23,23,20,2,1,20,20,0,0
29568,10,10,7,2,1,9,9,0,0
104983,45,45,36,7,2,31,31,0,0
266683,25,25,20,4,1,17,17,0,0
126363,25,25,21,3,1,21,21,0,0
89122,33,33,26,6,1,26,26,0,0
123556,44,44,31,9,4,24,24,0,0
122186,103,103,67,22,14,46,46,0,0
200954,5,5,2,2,1,4,4,0,0
71992,34,34,24,7,3,15,15,0,0
130642,48,48,39,8,1,38,38,0,0
111935,26,26,21,3,2,17,17,0,0
39037,25,25,19,4,2,19,19,0,0
82282,39,39,31,7,1,31,31,0,0
206293,31,31,24,5,2,24,24,0,0
266723,8,8,5,2,1,7,7,0,0
3985,21,21,19,1,1,19,19,0,0
907,22,22,18,2,2,16,16,0,0
40994,56,56,48,7,1,46,46,0,0
217837,25,25,18,4,3,14,14,0,0
20331,43,43,33,8,2,33,33,0,0
75575,86,86,52,25,9,40,40,0,0
163337,8,8,6,1,1,8,8,0,0
93647,15,15,12,2,1,14,14,0,0
107315,49,49,43,5,1,40,40,0,0
220915,26,26,17,5,4,13,13,0,0
155730,35,35,28,5,2,26,26,0,0
57286,50,50,39,8,3,36,36,0,0
80646,27,27,19,5,3,11,11,0,0
122205,42,42,36,5,1,36,36,0,0
155736,14,14,12,1,1,12,12,0,0
160621,16,16,12,3,1,12,12,0,0
198313,39,39,25,8,6,19,19,0,0
45284,25,25,22,2,1,21,21,0,0
64051,46,46,35,8,3,34,34,0,0
171923,30,30,24,5,1,23,23,0,0
230506,34,34,24,6,4,14,14,0,0
49930,50,50,45,3,2,43,43,0,0
223128,17,17,14,2,1,13,13,0,0
217913,20,20,18,1,1,18,18,0,0
230552,28,28,23,3,2,21,21,0,0
34837,40,40,37,2,1,39,39,0,0
176370,19,19,17,1,1,19,19,0,0
7751,56,56,44,8,4,37,37,0,0
240584,13,13,8,3,2,3,3,0,0
183306,4,4,2,1,1,4,4,0,0
3364,13,13,11,1,1,13,13,0,0
683,19,19,17,1,1,17,17,0,0
92735,32,32,21,8,3,19,19,0,0
203757,25,25,17,4,4,11,11,0,0
155770,24,24,13,6,5,7,7,0,0
108510,30,30,22,6,2,21,21,0,0
233890,7,7,5,1,1,7,7,0,0
