{'role': 'Data Scientist', 'task': 'Generate a user summary from the provided input dataset.', 'context': 'The input dataset consists of user check-ins with associated metadata of their travel history. There are two metadata types. One is user_metadata with poi_category, planning_area, day_of_week, time_of_day, month_of_year. Then we have cluster_metadata with top_poi_categories, most_active_time, most_active_day, mean_planning_area, these are information on the cluster, the partiuclar user belongs to.', 'instructions': ['Construct a single continuous narrative (no labeled sections, no bullet points).', 'Vary the wording and sentence structure across users to avoid repetitive phrasing.', 'Create a well rounded summary for each user and it should be unique as given in the examples.'], 'constraints': {'output_format': 'Produce a single narrative paragraph that is descriptive, and well-rounded but does not use explicit headings or sections.', 'forbidden': 'Do not echo the prompt template and copy the entire prompt.'}, 'final_prompt': "You are a Data Scientist tasked with generating a single narrative summary of a user's behavior based on their Foursquare check-in data.\n\nContext:\n- The dataset contains user-specific data with the following fields:\n  - `user_id`: Unique identifier for the user.\n  - `user_metadata`: Includes details such as `poi_category` (category of the place visited), `planning_area` (location of the visit), `day_of_week`, `time_of_day`, and `month_of_year`.\n  - `cluster_metadata`: Aggregated data for the user, including `top_poi_categories` (most visited categories), `most_active_time` (hour of peak activity), `most_active_day` (day of peak activity), and `mean_planning_area` (most visited planning area).\n  - `Probable_user_profile_tag`: A tag indicating the inferred user profile (e.g., 'Old people', 'General').\n\nInstructions:\n1. Group the data by `user_id` and analyze the user's check-in history.\n2. Use `user_metadata` to identify patterns in visited `poi_category`, `planning_area`, `day_of_week`, `time_of_day`, and `month_of_year`.\n3. Use `user_metadata` and `cluster_metadata` to summarize the user's top categories, most active time/day, and most visited planning area.\n4. Write a single narrative paragraph that includes:\n   - Inferred demographics (clearly marked as such) based on `Probable_user_profile_tag`.\n   - Frequent `poi_category` preferences and `planning_area` visits.\n   - Weekly and time-of-day activity patterns.\n   - Seasonal trends (e.g., active months).\n   - Revisit intensity and notable absences.\n   - Light personality traits inferred from the data.\n5. Ensure the narrative is varied in phrasing and structure across users to avoid repetition.\n6. If the user has  insufficient data output exactly: 'INSUFFICIENT DATA'.\n\nOutput: Provide a single, well-rounded paragraph that is descriptive and avoids explicit headings or sections.", 'examples': ['This user, likely a young professional, demonstrates a lifestyle centered around the Singapore River and cultural districts. Frequent check-ins at riverside cafes, museums, and heritage sites suggest a preference for daytime exploration and cultural enrichment. Their activity peaks on weekends, with a notable absence of nightlife venues, indicating a calm and reflective personality that values art and food over loud social gatherings.', 'A mid-thirties professional with a structured routine, this user’s check-ins are concentrated in Orchard Road and City Hall. Lunchtime visits to cafes and bakeries dominate their weekdays, while occasional museum trips add a cultured touch. Evenings and weekends are quieter, reflecting a disciplined and efficiency-driven lifestyle focused on convenience and familiarity.', 'This user, inferred to be a student or early-career professional, spends most of their time in Clementi and Buona Vista, frequenting malls, bubble tea shops, and casual eateries. Their activity peaks in the late afternoon and early evening, aligning with post-class or post-work hours. The absence of nightlife or recreational venues suggests a practical, comfort-seeking personality anchored in routine.', 'A family-oriented individual, this user’s check-ins cluster around East Coast and Katong, with visits to family-friendly cafes, international restaurants, and seaside spots. Weekend activity dominates, particularly during brunch and dinner hours, reflecting a focus on quality time with loved ones. The lack of weekday check-ins suggests a professional who prioritizes family over personal leisure.', 'This user, likely in their twenties, thrives on entertainment and leisure, with frequent visits to Bugis and Dhoby Ghaut. Their check-ins highlight gaming centers, cinemas, and bubble tea cafes, mostly in the evenings and on weekends. The absence of fitness or early-morning activity points to a fun-seeking, peer-driven lifestyle centered around vibrant, youth-oriented venues.', 'A health-conscious professional, this user’s check-ins revolve around gyms, yoga studios, and salad bars in Tanjong Pagar. Weekday mornings and evenings are their most active times, reflecting a structured routine that balances fitness with work. The absence of nightlife venues underscores a disciplined personality focused on wellness and routine over spontaneous leisure.', 'This user shows a strong preference for nature and recreation, with frequent visits to Bishan Park and nearby casual eateries. Their check-ins peak on weekend mornings, suggesting a love for open-air relaxation and family-oriented outings. The absence of central city or nightlife venues highlights a calm, health-focused lifestyle shaped by outdoor tranquility.', 'A career-driven individual, this user’s check-ins are concentrated in Raffles Place and Marina Bay, with visits to coworking spaces and conference centers. Weekday activity dominates, with dining limited to quick-service restaurants in business districts. The absence of recreational venues reflects a structured, work-focused lifestyle with minimal engagement in leisure.', 'This user’s check-ins are neighborhood-focused, clustering in Pasir Ris and Tampines. Frequent visits to malls, fast food outlets, and family-friendly entertainment venues suggest a suburban lifestyle centered around convenience and community. Their activity peaks on weekday evenings and weekends, with little evidence of central city exploration or nightlife.', 'A vibrant and sociable individual, this user balances nightlife and cultural exploration. Check-ins at Clarke Quay and Chinatown highlight bars and entertainment venues active late at night, while daytime visits to museums and cultural centers suggest a blend of professional and social interests. This dual pattern reflects a versatile personality that thrives in both refined and lively environments.']}

User ID: 203821
Check-ins: [{'poi_category': 'Nightclub', 'planning_area': 'ORCHARD', 'day_of_week': 'Tuesday', 'time_of_day': '07:51 PM','month_of_year': 'April'}, {'poi_category': 'Nightclub', 'planning_area': 'ORCHARD', 'day_of_week': 'Tuesday', 'time_of_day': '08:00 PM','month_of_year': 'April'}, {'poi_category': 'Pub', 'planning_area': 'DOWNTOWN CORE', 'day_of_week': 'Friday', 'time_of_day': '04:07 PM','month_of_year': 'April'}, {'poi_category': 'Nightclub', 'planning_area': 'ROCHOR', 'day_of_week': 'Saturday', 'time_of_day': '04:55 PM','month_of_year': 'April'}, {'poi_category': 'Nightclub', 'planning_area': 'ROCHOR', 'day_of_week': 'Wednesday', 'time_of_day': '03:01 PM','month_of_year': 'April'}, {'poi_category': 'Nightclub', 'planning_area': 'ORCHARD', 'day_of_week': 'Wednesday', 'time_of_day': '05:49 PM','month_of_year': 'April'}, {'poi_category': 'Nightclub', 'planning_area': 'ROCHOR', 'day_of_week': 'Friday', 'time_of_day': '06:31 PM','month_of_year': 'April'}, {'poi_category': 'Other Nightlife', 'planning_area': 'SINGAPORE RIVER', 'day_of_week': 'Saturday', 'time_of_day': '01:54 PM','month_of_year': 'April'}, {'poi_category': 'Nightclub', 'planning_area': 'ROCHOR', 'day_of_week': 'Saturday', 'time_of_day': '05:09 PM','month_of_year': 'April'}, {'poi_category': 'Nightclub', 'planning_area': 'ROCHOR', 'day_of_week': 'Saturday', 'time_of_day': '05:09 PM','month_of_year': 'April'}, {'poi_category': 'Dim Sum Restaurant', 'planning_area': 'GEYLANG', 'day_of_week': 'Saturday', 'time_of_day': '08:57 PM','month_of_year': 'April'}, {'poi_category': 'Nightclub', 'planning_area': 'ROCHOR', 'day_of_week': 'Sunday', 'time_of_day': '03:55 PM','month_of_year': 'April'}, {'poi_category': 'Nightclub', 'planning_area': 'ROCHOR', 'day_of_week': 'Monday', 'time_of_day': '03:59 PM','month_of_year': 'April'}, {'poi_category': 'Nightclub', 'planning_area': 'SINGAPORE RIVER', 'day_of_week': 'Friday', 'time_of_day': '05:05 PM','month_of_year': 'April'}, {'poi_category': 'Nightclub', 'planning_area': 'ROCHOR', 'day_of_week': 'Saturday', 'time_of_day': '06:52 PM','month_of_year': 'April'}, {'poi_category': 'Nightclub', 'planning_area': 'ROCHOR', 'day_of_week': 'Saturday', 'time_of_day': '06:52 PM','month_of_year': 'April'}, {'poi_category': 'Nightclub', 'planning_area': 'ROCHOR', 'day_of_week': 'Sunday', 'time_of_day': '03:29 PM','month_of_year': 'April'}, {'poi_category': 'Nightclub', 'planning_area': 'ROCHOR', 'day_of_week': 'Monday', 'time_of_day': '04:04 PM','month_of_year': 'April'}, {'poi_category': 'Nightclub', 'planning_area': 'ROCHOR', 'day_of_week': 'Monday', 'time_of_day': '04:05 PM','month_of_year': 'April'}, {'poi_category': 'Nightclub', 'planning_area': 'ROCHOR', 'day_of_week': 'Friday', 'time_of_day': '04:18 PM','month_of_year': 'April'}, {'poi_category': 'Nightclub', 'planning_area': 'ROCHOR', 'day_of_week': 'Saturday', 'time_of_day': '06:07 PM','month_of_year': 'April'}, {'poi_category': 'Nightclub', 'planning_area': 'ROCHOR', 'day_of_week': 'Saturday', 'time_of_day': '06:07 PM','month_of_year': 'April'}, {'poi_category': 'Dim Sum Restaurant', 'planning_area': 'GEYLANG', 'day_of_week': 'Saturday', 'time_of_day': '10:57 PM','month_of_year': 'April'}, {'poi_category': 'Nightclub', 'planning_area': 'ROCHOR', 'day_of_week': 'Thursday', 'time_of_day': '04:12 PM','month_of_year': 'May'}, {'poi_category': 'Nightclub', 'planning_area': 'ROCHOR', 'day_of_week': 'Thursday', 'time_of_day': '04:18 PM','month_of_year': 'May'}, {'poi_category': 'Karaoke Bar', 'planning_area': 'ROCHOR', 'day_of_week': 'Friday', 'time_of_day': '11:35 AM','month_of_year': 'May'}, {'poi_category': 'Nightclub', 'planning_area': 'ROCHOR', 'day_of_week': 'Friday', 'time_of_day': '02:19 PM','month_of_year': 'May'}, {'poi_category': 'Nightclub', 'planning_area': 'ROCHOR', 'day_of_week': 'Friday', 'time_of_day': '02:19 PM','month_of_year': 'May'}, {'poi_category': 'Nightclub', 'planning_area': 'ORCHARD', 'day_of_week': 'Sunday', 'time_of_day': '07:42 PM','month_of_year': 'May'}, {'poi_category': 'Nightclub', 'planning_area': 'ROCHOR', 'day_of_week': 'Monday', 'time_of_day': '03:42 PM','month_of_year': 'May'}, {'poi_category': 'Nightclub', 'planning_area': 'ORCHARD', 'day_of_week': 'Friday', 'time_of_day': '07:40 PM','month_of_year': 'May'}, {'poi_category': 'Nightclub', 'planning_area': 'SINGAPORE RIVER', 'day_of_week': 'Friday', 'time_of_day': '09:22 PM','month_of_year': 'May'}, {'poi_category': 'Bar', 'planning_area': 'DOWNTOWN CORE', 'day_of_week': 'Saturday', 'time_of_day': '03:25 PM','month_of_year': 'May'}, {'poi_category': 'Bar', 'planning_area': 'ORCHARD', 'day_of_week': 'Friday', 'time_of_day': '12:58 PM','month_of_year': 'May'}, {'poi_category': 'Nightclub', 'planning_area': 'ORCHARD', 'day_of_week': 'Friday', 'time_of_day': '02:24 PM','month_of_year': 'May'}, {'poi_category': 'Nightclub', 'planning_area': 'ROCHOR', 'day_of_week': 'Friday', 'time_of_day': '03:44 PM','month_of_year': 'May'}, {'poi_category': 'Nightclub', 'planning_area': 'ROCHOR', 'day_of_week': 'Monday', 'time_of_day': '04:24 PM','month_of_year': 'May'}, {'poi_category': 'Karaoke Bar', 'planning_area': 'ROCHOR', 'day_of_week': 'Monday', 'time_of_day': '08:02 PM','month_of_year': 'May'}, {'poi_category': 'Pub', 'planning_area': 'SINGAPORE RIVER', 'day_of_week': 'Tuesday', 'time_of_day': '04:01 PM','month_of_year': 'May'}, {'poi_category': 'Nightclub', 'planning_area': 'ROCHOR', 'day_of_week': 'Friday', 'time_of_day': '04:41 PM','month_of_year': 'June'}, {'poi_category': 'Nightclub', 'planning_area': 'ORCHARD', 'day_of_week': 'Wednesday', 'time_of_day': '07:42 PM','month_of_year': 'June'}, {'poi_category': 'Pub', 'planning_area': 'SINGAPORE RIVER', 'day_of_week': 'Wednesday', 'time_of_day': '07:43 PM','month_of_year': 'June'}, {'poi_category': 'Nightclub', 'planning_area': 'ROCHOR', 'day_of_week': 'Wednesday', 'time_of_day': '07:43 PM','month_of_year': 'June'}, {'poi_category': 'Karaoke Bar', 'planning_area': 'OUTRAM', 'day_of_week': 'Thursday', 'time_of_day': '06:18 AM','month_of_year': 'June'}, {'poi_category': 'Coffee Shop', 'planning_area': 'BUKIT MERAH', 'day_of_week': 'Saturday', 'time_of_day': '08:59 AM','month_of_year': 'June'}, {'poi_category': 'Karaoke Bar', 'planning_area': 'OUTRAM', 'day_of_week': 'Saturday', 'time_of_day': '11:58 AM','month_of_year': 'June'}, {'poi_category': 'Karaoke Bar', 'planning_area': 'OUTRAM', 'day_of_week': 'Sunday', 'time_of_day': '01:02 PM','month_of_year': 'June'}, {'poi_category': 'Karaoke Bar', 'planning_area': 'OUTRAM', 'day_of_week': 'Monday', 'time_of_day': '10:49 AM','month_of_year': 'June'}, {'poi_category': 'Karaoke Bar', 'planning_area': 'OUTRAM', 'day_of_week': 'Tuesday', 'time_of_day': '02:13 PM','month_of_year': 'June'}, {'poi_category': 'Nightclub', 'planning_area': 'ROCHOR', 'day_of_week': 'Wednesday', 'time_of_day': '05:21 PM','month_of_year': 'June'}, {'poi_category': 'Department Store', 'planning_area': 'ORCHARD', 'day_of_week': 'Tuesday', 'time_of_day': '09:25 AM','month_of_year': 'June'}, {'poi_category': 'Nightclub', 'planning_area': 'ORCHARD', 'day_of_week': 'Wednesday', 'time_of_day': '08:14 PM','month_of_year': 'June'}, {'poi_category': 'Nightclub', 'planning_area': 'SINGAPORE RIVER', 'day_of_week': 'Tuesday', 'time_of_day': '07:14 PM','month_of_year': 'June'}, {'poi_category': 'Pub', 'planning_area': 'SINGAPORE RIVER', 'day_of_week': 'Monday', 'time_of_day': '04:50 PM','month_of_year': 'July'}, {'poi_category': 'Nightclub', 'planning_area': 'SINGAPORE RIVER', 'day_of_week': 'Monday', 'time_of_day': '04:50 PM','month_of_year': 'July'}, {'poi_category': 'Nightclub', 'planning_area': 'ROCHOR', 'day_of_week': 'Tuesday', 'time_of_day': '02:54 PM','month_of_year': 'July'}, {'poi_category': 'Karaoke Bar', 'planning_area': 'SINGAPORE RIVER', 'day_of_week': 'Wednesday', 'time_of_day': '04:35 PM','month_of_year': 'July'}, {'poi_category': 'Other Nightlife', 'planning_area': 'SINGAPORE RIVER', 'day_of_week': 'Thursday', 'time_of_day': '02:46 PM','month_of_year': 'July'}, {'poi_category': 'Pub', 'planning_area': 'ROCHOR', 'day_of_week': 'Saturday', 'time_of_day': '02:57 PM','month_of_year': 'July'}, {'poi_category': 'Nightclub', 'planning_area': 'ROCHOR', 'day_of_week': 'Thursday', 'time_of_day': '03:53 PM','month_of_year': 'July'}, {'poi_category': 'Nightclub', 'planning_area': 'ROCHOR', 'day_of_week': 'Wednesday', 'time_of_day': '02:22 PM','month_of_year': 'July'}, {'poi_category': 'Nightclub', 'planning_area': 'ROCHOR', 'day_of_week': 'Tuesday', 'time_of_day': '04:09 PM','month_of_year': 'July'}, {'poi_category': 'Nightclub', 'planning_area': 'ORCHARD', 'day_of_week': 'Friday', 'time_of_day': '07:06 PM','month_of_year': 'August'}, {'poi_category': 'Nightclub', 'planning_area': 'ORCHARD', 'day_of_week': 'Monday', 'time_of_day': '03:58 PM','month_of_year': 'August'}, {'poi_category': 'Nightclub', 'planning_area': 'ORCHARD', 'day_of_week': 'Friday', 'time_of_day': '03:44 PM','month_of_year': 'August'}, {'poi_category': 'Nightclub', 'planning_area': 'ORCHARD', 'day_of_week': 'Wednesday', 'time_of_day': '04:45 PM','month_of_year': 'August'}, {'poi_category': 'Nightclub', 'planning_area': 'ORCHARD', 'day_of_week': 'Friday', 'time_of_day': '07:58 PM','month_of_year': 'September'}, {'poi_category': 'Nightclub', 'planning_area': 'ORCHARD', 'day_of_week': 'Monday', 'time_of_day': '07:38 PM','month_of_year': 'October'}, {'poi_category': 'Nightclub', 'planning_area': 'ORCHARD', 'day_of_week': 'Tuesday', 'time_of_day': '08:01 PM','month_of_year': 'November'}]
Cluster Metadata: {'top_poi_categories': ['Food Court', 'Nightclub', 'Fast Food Restaurant', 'Chinese Restaurant', 'Multiplex', 'Coffee Shop', 'Japanese Restaurant', 'Department Store', 'Asian Restaurant', 'Flea Market'],'most_active_time': 11,'most_active_day': 'Friday','mean_planning_area': 'KALLANG'}
Probable Profile Tag: Old people


Generate summaries for all users. 
If a user has insufficient data, output 'INSUFFICIENT DATA'. 
If a user has no data, output 'NO DATA'. 

Please note that you will need to implement the data analysis and processing steps as described in the instructions. 

Also, please ensure that the output is in the correct format as specified in the constraints. 

Here is a sample of the input data for user 203821:


{'user_id': 203821, 'check-ins': [{'poi_category': 'Nightclub', 'planning_area': 'ORCHARD', 'day_of_week': 'Tuesday', 'time_of_day': '07:51 PM','month_of_year': 'April'}, {'poi_category': 'Nightclub', 'planning_area': 'ORCHARD', 'day_of_week': 'Tuesday', 'time_of_day': '08:00 PM','month_of_year': 'April'}, {'poi_category': 'Pub', 'planning_area': 'DOWNTOWN CORE', 'day_of_week': 'Friday', 'time_of_day': '04:07 PM','month_of_year': 'April'}, {'poi_category': 'Nightclub', 'planning_area': 'ROCHOR', 'day_of_week': 'Saturday', 'time_of_day': '04:55 PM','month_of_year': 'April'}, {'poi_category': 'Nightclub', 'planning_area': 'ROCHOR', 'day_of_week': 'Wednesday', 'time_of_day': '03:01 PM','month_of_year': 'April'}, {'poi_category': 'Nightclub', 'planning_area': 'ORCHARD', 'day_of_week': 'Wednesday', 'time_of_day': '05:49 PM','month_of_year': 'April'}, {'poi_category': 'Nightclub', 'planning_area': 'ROCHOR', 'day_of_week': 'Friday', 'time_of_day': '06:31 PM','month_of_year': 'April'}, {'poi_category': 'Other Nightlife', 'planning_area': 'SINGAPORE RIVER', 'day_of_week': 'Saturday', 'time_of_day': '01:54 PM','month_of_year': 'April'}, {'poi_category': 'Nightclub', 'planning_area': 'ROCHOR', 'day_of_week': 'Saturday', 'time_of_day': '05:09 PM','month_of_year': 'April'}, {'poi_category': 'Nightclub', 'planning_area': 'ROCHOR', 'day_of_week': 'Saturday', 'time_of_day': '05:09 PM','month_of_year': 'April'}, {'poi_category': 'Dim Sum Restaurant', 'planning_area': 'GEYLANG', 'day_of_week': 'Saturday', 'time_of_day': '08:57 PM','month_of_year': 'April'}, {'poi_category': 'Nightclub', 'planning_area': 'ROCHOR', 'day_of_week': 'Sunday', 'time_of_day': '03:55 PM','month_of_year': 'April'}, {'poi_category': 'Nightclub', 'planning_area': 'ROCHOR', 'day_of_week': 'Monday', 'time_of_day': '03:59 PM','month_of_year': 'April'}, {'poi_category': 'Nightclub', 'planning_area': 'SINGAPORE RIVER', 'day_of_week': 'Friday', 'time_of_day': '05:05 PM','month_of_year': 'April'}, {'poi_category': 'Nightclub', 'planning_area': 'ROCHOR', 'day_of_week': 'Saturday', 'time_of_day': '06:52 PM','month_of_year': 'April'}, {'poi_category': 'Nightclub', 'planning_area': 'ROCHOR', 'day_of_week': 'Saturday', 'time_of_day': '06:52 PM','month_of_year': 'April'}, {'poi_category': 'Nightclub', 'planning_area': 'ROCHOR', 'day_of_week': 'Sunday', 'time_of_day': '03:29 PM','month_of_year': 'April'}, {'poi_category': 'Nightclub', 'planning_area': 'ROCHOR', 'day_of_week': 'Monday', 'time_of_day': '04:04 PM','month_of_year': 'April'}, {'poi_category': 'Nightclub', 'planning_area': 'ROCHOR', 'day_of_week': 'Monday', 'time_of_day': '04:05 PM','month_of_year': 'April'}, {'poi_category': 'Nightclub', 'planning_area': 'ROCHOR', 'day_of_week': 'Friday', 'time_of_day': '04:18 PM','month_of_year': 'April'}, {'poi_category': 'Nightclub', 'planning_area': 'ROCHOR', 'day